declaration_id,rank,regulation_id,score
6091ab306df3425437ab3113,1,NPA0013,0.9419241710548729
6091ab306df3425437ab3113,2,NPA0190,0.9387224610111133
6091ab306df3425437ab3113,3,NPA0116,0.6667482313081922
6091ab306df3425437ab3113,4,NPA0215,0.5876875999730267
6091ab306df3425437ab3113,5,NPA0400,0.4732954078075276
6091ab306df3425437ab3113,6,NPA0316,0.4727186860714905
6091ab306df3425437ab3113,7,NPA0331,0.4520224274266297
6091ab306df3425437ab3113,8,NPA0508,0.4512444181189204
6091ab306df3425437ab3113,9,NPA0083,0.45116758145007985
6091ab306df3425437ab3113,10,NPA0349,0.4368597094895321
609190fc6df3425437aef1af,1,NPA0083,0.9437915183479691
609190fc6df3425437aef1af,2,NPA0275,0.7076665650754703
609190fc6df3425437aef1af,3,NPA0074,0.6730997878367753
609190fc6df3425437aef1af,4,NPA0142,0.6718522023077222
609190fc6df3425437aef1af,5,NPA0100,0.6633354593088114
609190fc6df3425437aef1af,6,NPA0019,0.6561776241094459
609190fc6df3425437aef1af,7,NPA0318,0.6543287582365606
609190fc6df3425437aef1af,8,NPA0399,0.6482289503018636
609190fc6df3425437aef1af,9,NPA0147,0.6095928656182932
609190fc6df3425437aef1af,10,NPA0383,0.5849671968359494
60926ff56df3425437dac7c5,1,NPA0144,0.8847825496757821
60926ff56df3425437dac7c5,2,NPA0312,0.8455789605665982
60926ff56df3425437dac7c5,3,NPA0546,0.8330188316956235
60926ff56df3425437dac7c5,4,NPA0159,0.8012082827484103
60926ff56df3425437dac7c5,5,NPA0548,0.6575479303832101
60926ff56df3425437dac7c5,6,NPA0042,0.590410380725157
60926ff56df3425437dac7c5,7,NPA0207,0.588499410203685
60926ff56df3425437dac7c5,8,NPA0179,0.5591163914668184
60926ff56df3425437dac7c5,9,NPA0309,0.5237531285465322
60926ff56df3425437dac7c5,10,NPA0334,0.517213007707631
60941fc06df34254375e2f72,1,NPA0312,0.8146416334225117
60941fc06df34254375e2f72,2,NPA0144,0.8141897728813219
60941fc06df34254375e2f72,3,NPA0522,0.776394171665296
60941fc06df34254375e2f72,4,NPA0212,0.7368791654493414
60941fc06df34254375e2f72,5,NPA0546,0.6874728202680473
60941fc06df34254375e2f72,6,NPA0096,0.6801979480719473
60941fc06df34254375e2f72,7,NPA0352,0.6701694004232314
60941fc06df34254375e2f72,8,NPA0159,0.665880129470461
60941fc06df34254375e2f72,9,NPA0218,0.6187485606284093
60941fc06df34254375e2f72,10,NPA0398,0.6089291408569766
60933b696df34254372e4337,1,NPA0400,0.9725462511942942
60933b696df34254372e4337,2,NPA0246,0.7353426864391996
60933b696df34254372e4337,3,NPA0197,0.6945296962734986
60933b696df34254372e4337,4,NPA0555,0.6925625097785206
60933b696df34254372e4337,5,NPA0297,0.6720636087912
60933b696df34254372e4337,6,NPA0406,0.6691454919598094
60933b696df34254372e4337,7,NPA0311,0.6680403782569941
60933b696df34254372e4337,8,NPA0404,0.6654948594251756
60933b696df34254372e4337,9,NPA0432,0.6135604258291232
60933b696df34254372e4337,10,NPA0429,0.6060257412586534
6093479e6df34254379fbc0b,1,NPA0544,0.8752839201793587
6093479e6df34254379fbc0b,2,NPA0183,0.6846905002321388
6093479e6df34254379fbc0b,3,NPA0172,0.661582657855941
6093479e6df34254379fbc0b,4,NPA0345,0.6393779868549226
6093479e6df34254379fbc0b,5,NPA0205,0.626181108936831
6093479e6df34254379fbc0b,6,NPA0365,0.6250608922472727
6093479e6df34254379fbc0b,7,NPA0517,0.6232683036370239
6093479e6df34254379fbc0b,8,NPA0197,0.6172490777194928
6093479e6df34254379fbc0b,9,NPA0383,0.6146612796734616
6093479e6df34254379fbc0b,10,NPA0100,0.5946813082506714
609178846df34254377c2837,1,NPA0562,0.9510643756296817
609178846df34254377c2837,2,NPA0444,0.5898220544034126
609178846df34254377c2837,3,NPA0007,0.5348148596794413
609178846df34254377c2837,4,NPA0481,0.5348148596794413
609178846df34254377c2837,5,NPA0074,0.5137811370370496
609178846df34254377c2837,6,NPA0142,0.512477393722231
609178846df34254377c2837,7,NPA0286,0.48500296033719165
609178846df34254377c2837,8,NPA0083,0.4628433078786388
609178846df34254377c2837,9,NPA0350,0.4615714752246053
609178846df34254377c2837,10,NPA0506,0.4475929177712713
609187056df34254372c69f2,1,NPA0356,0.958962359785636
609187056df34254372c69f2,2,NPA0060,0.8754148951613863
609187056df34254372c69f2,3,NPA0183,0.7999131257679473
609187056df34254372c69f2,4,NPA0555,0.7583488066601302
609187056df34254372c69f2,5,NPA0193,0.7362680998969281
609187056df34254372c69f2,6,NPA0350,0.720096054027235
609187056df34254372c69f2,7,NPA0342,0.7188938425964903
609187056df34254372c69f2,8,NPA0431,0.7153186061959629
609187056df34254372c69f2,9,NPA0383,0.7026942852831966
609187056df34254372c69f2,10,NPA0365,0.7025642635609823
609252c66df342543723e641,1,NPA0026,0.9047744028976337
609252c66df342543723e641,2,NPA0081,0.8038531242861353
609252c66df342543723e641,3,NPA0321,0.7558996327560761
609252c66df342543723e641,4,NPA0477,0.7244940581813979
609252c66df342543723e641,5,NPA0436,0.7098765768210524
609252c66df342543723e641,6,NPA0031,0.6568276304048738
609252c66df342543723e641,7,NPA0179,0.5908330549136019
609252c66df342543723e641,8,NPA0096,0.5861093861150624
609252c66df342543723e641,9,NPA0314,0.548639169716526
609252c66df342543723e641,10,NPA0005,0.5433241053636687
6091c6086df3425437c97515,1,NPA0559,0.8037932525282581
6091c6086df3425437c97515,2,NPA0398,0.7784684045654496
6091c6086df3425437c97515,3,NPA0190,0.7748487257820886
6091c6086df3425437c97515,4,NPA0506,0.7435330627799019
6091c6086df3425437c97515,5,NPA0318,0.7273785254031351
6091c6086df3425437c97515,6,NPA0024,0.6868953696656139
6091c6086df3425437c97515,7,NPA0275,0.6427012609944532
6091c6086df3425437c97515,8,NPA0100,0.6291959458070351
6091c6086df3425437c97515,9,NPA0221,0.6210919019118446
6091c6086df3425437c97515,10,NPA0231,0.6149720649628363
60932cb16df3425437e6728f,1,NPA0183,0.9554580723041946
60932cb16df3425437e6728f,2,NPA0297,0.852037971085992
60932cb16df3425437e6728f,3,NPA0404,0.8278456807947618
60932cb16df3425437e6728f,4,NPA0485,0.7915317356989389
60932cb16df3425437e6728f,5,NPA0400,0.7635671698099691
60932cb16df3425437e6728f,6,NPA0288,0.7596374066035854
60932cb16df3425437e6728f,7,NPA0172,0.7334110177174942
60932cb16df3425437e6728f,8,NPA0218,0.7006570208167993
60932cb16df3425437e6728f,9,NPA0038,0.6949649642222256
60932cb16df3425437e6728f,10,NPA0017,0.6942884720714695
6092040b6df3425437caa69f,1,NPA0190,0.973590659238298
6092040b6df3425437caa69f,2,NPA0502,0.8290180449295759
6092040b6df3425437caa69f,3,NPA0398,0.6939710732086908
6092040b6df3425437caa69f,4,NPA0223,0.680504304651331
6092040b6df3425437caa69f,5,NPA0158,0.6540844176267828
6092040b6df3425437caa69f,6,NPA0318,0.6535451206301525
6092040b6df3425437caa69f,7,NPA0100,0.6405958697454509
6092040b6df3425437caa69f,8,NPA0206,0.6403642531183182
6092040b6df3425437caa69f,9,NPA0275,0.6396900521198352
6092040b6df3425437caa69f,10,NPA0352,0.6318219009912307
6093003b6df3425437ffffdc,1,NPA0555,0.9346629359106099
6093003b6df3425437ffffdc,2,NPA0107,0.7047560970108158
6093003b6df3425437ffffdc,3,NPA0469,0.6247604043784233
6093003b6df3425437ffffdc,4,NPA0490,0.6247604043784233
6093003b6df3425437ffffdc,5,NPA0272,0.5816994602771816
6093003b6df3425437ffffdc,6,NPA0363,0.5744671192122198
6093003b6df3425437ffffdc,7,NPA0093,0.571477278405421
6093003b6df3425437ffffdc,8,NPA0273,0.571477278405421
6093003b6df3425437ffffdc,9,NPA0548,0.5555616524988711
6093003b6df3425437ffffdc,10,NPA0440,0.546155148680293
609162026df34254379ab8ad,1,NPA0559,0.8925131134122034
609162026df34254379ab8ad,2,NPA0046,0.738245478360325
609162026df34254379ab8ad,3,NPA0398,0.7101903506594573
609162026df34254379ab8ad,4,NPA0502,0.6981770729549347
609162026df34254379ab8ad,5,NPA0311,0.6961278985948129
609162026df34254379ab8ad,6,NPA0015,0.6049657149748981
609162026df34254379ab8ad,7,NPA0383,0.5997755209269757
609162026df34254379ab8ad,8,NPA0013,0.5592015189856403
609162026df34254379ab8ad,9,NPA0189,0.553232308585681
609162026df34254379ab8ad,10,NPA0554,0.5482349502791912
609320176df342543709102b,1,NPA0297,0.8902701633847354
609320176df342543709102b,2,NPA0398,0.8825779873351318
609320176df342543709102b,3,NPA0334,0.875738879717149
609320176df342543709102b,4,NPA0020,0.8404626810141952
609320176df342543709102b,5,NPA0432,0.7435000532023808
609320176df342543709102b,6,NPA0214,0.7428436038611288
609320176df342543709102b,7,NPA0400,0.7350391324574443
609320176df342543709102b,8,NPA0173,0.7139760124051389
609320176df342543709102b,9,NPA0107,0.6962555412986995
609320176df342543709102b,10,NPA0183,0.6947616038208565
609331b56df3425437066ca5,1,NPA0383,0.8557840548320466
609331b56df3425437066ca5,2,NPA0189,0.8428958324452018
609331b56df3425437066ca5,3,NPA0130,0.8379855469630082
609331b56df3425437066ca5,4,NPA0037,0.8331429659982428
609331b56df3425437066ca5,5,NPA0549,0.8126540105513809
609331b56df3425437066ca5,6,NPA0220,0.750584595463297
609331b56df3425437066ca5,7,NPA0558,0.7346979134260018
609331b56df3425437066ca5,8,NPA0172,0.721277970188404
609331b56df3425437066ca5,9,NPA0190,0.6990819622877344
609331b56df3425437066ca5,10,NPA0208,0.6950321077426107
609268806df3425437a48ad6,1,NPA0010,0.9246160536153201
609268806df3425437a48ad6,2,NPA0474,0.7427373514006972
609268806df3425437a48ad6,3,NPA0458,0.7208185775065721
609268806df3425437a48ad6,4,NPA0420,0.6670365833022154
609268806df3425437a48ad6,5,NPA0321,0.6119621750859762
609268806df3425437a48ad6,6,NPA0275,0.6110082071471601
609268806df3425437a48ad6,7,NPA0100,0.6042149103406138
609268806df3425437a48ad6,8,NPA0185,0.5685273393913526
609268806df3425437a48ad6,9,NPA0060,0.5418339322068864
609268806df3425437a48ad6,10,NPA0355,0.5412757852300563
6093a8586df3425437a07c41,1,NPA0556,1.0
6093a8586df3425437a07c41,2,NPA0553,0.9246729999384815
6093a8586df3425437a07c41,3,NPA0234,0.4926864682935752
6093a8586df3425437a07c41,4,NPA0093,0.4249853399311413
6093a8586df3425437a07c41,5,NPA0273,0.4249853399311413
6093a8586df3425437a07c41,6,NPA0506,0.38437742521075136
6093a8586df3425437a07c41,7,NPA0446,0.3830509268384678
6093a8586df3425437a07c41,8,NPA0115,0.3740097481459489
6093a8586df3425437a07c41,9,NPA0479,0.3675590666103201
6093a8586df3425437a07c41,10,NPA0424,0.3659321548049055
60918a746df3425437604956,1,NPA0360,1.0
60918a746df3425437604956,2,NPA0238,0.4698023050702773
60918a746df3425437604956,3,NPA0211,0.4435766557312043
60918a746df3425437604956,4,NPA0523,0.4403674789644703
60918a746df3425437604956,5,NPA0010,0.434403803893578
60918a746df3425437604956,6,NPA0253,0.4243870774519771
60918a746df3425437604956,7,NPA0286,0.41126497983841487
60918a746df3425437604956,8,NPA0454,0.40418650451636046
60918a746df3425437604956,9,NPA0173,0.38803094035191993
60918a746df3425437604956,10,NPA0156,0.38685266179464495
6091f1746df34254370f8e56,1,NPA0214,0.995167870868171
6091f1746df34254370f8e56,2,NPA0183,0.7417001317518929
6091f1746df34254370f8e56,3,NPA0398,0.5542655730970032
6091f1746df34254370f8e56,4,NPA0309,0.5274137968245091
6091f1746df34254370f8e56,5,NPA0020,0.5256624151918029
6091f1746df34254370f8e56,6,NPA0259,0.5120294946023383
6091f1746df34254370f8e56,7,NPA0400,0.49246873910309963
6091f1746df34254370f8e56,8,NPA0485,0.4816470845807333
6091f1746df34254370f8e56,9,NPA0223,0.4747815673692191
6091f1746df34254370f8e56,10,NPA0416,0.47232314578919055
6091ebeb6df3425437c156db,1,NPA0429,0.94427767529568
6091ebeb6df3425437c156db,2,NPA0013,0.7464367818163726
6091ebeb6df3425437c156db,3,NPA0398,0.5848121037329614
6091ebeb6df3425437c156db,4,NPA0389,0.5782382763385093
6091ebeb6df3425437c156db,5,NPA0046,0.5773554761340312
6091ebeb6df3425437c156db,6,NPA0352,0.5764393388363989
6091ebeb6df3425437c156db,7,NPA0015,0.5405808076957939
6091ebeb6df3425437c156db,8,NPA0286,0.530663734820571
6091ebeb6df3425437c156db,9,NPA0559,0.5285364074257608
6091ebeb6df3425437c156db,10,NPA0087,0.4878170896088715
6093baa36df3425437b7fcd2,1,NPA0346,1.0
6093baa36df3425437b7fcd2,2,NPA0547,0.7966341626530322
6093baa36df3425437b7fcd2,3,NPA0447,0.5703999015821327
6093baa36df3425437b7fcd2,4,NPA0529,0.5536760258010214
6093baa36df3425437b7fcd2,5,NPA0213,0.5360608259434214
6093baa36df3425437b7fcd2,6,NPA0438,0.52284156308347
6093baa36df3425437b7fcd2,7,NPA0479,0.42639896017187007
6093baa36df3425437b7fcd2,8,NPA0484,0.3942876845533866
6093baa36df3425437b7fcd2,9,NPA0391,0.37960607327113505
6093baa36df3425437b7fcd2,10,NPA0206,0.37160153395090556
609274696df342543701ea26,1,NPA0316,0.8783324635689844
609274696df342543701ea26,2,NPA0331,0.8562284899391468
609274696df342543701ea26,3,NPA0240,0.7970340378476961
609274696df342543701ea26,4,NPA0103,0.6568031328102764
609274696df342543701ea26,5,NPA0013,0.6064592421316488
609274696df342543701ea26,6,NPA0073,0.5895383300403527
609274696df342543701ea26,7,NPA0406,0.5811203809548496
609274696df342543701ea26,8,NPA0556,0.5708987557230892
609274696df342543701ea26,9,NPA0223,0.5600924039148758
609274696df342543701ea26,10,NPA0216,0.5596066032410267
6093b9186df3425437a5d53e,1,NPA0093,0.8558383893068042
6093b9186df3425437a5d53e,2,NPA0273,0.855837923901541
6093b9186df3425437a5d53e,3,NPA0375,0.8044165335257533
6093b9186df3425437a5d53e,4,NPA0192,0.7717906528652031
6093b9186df3425437a5d53e,5,NPA0557,0.7640830092177326
6093b9186df3425437a5d53e,6,NPA0522,0.6548429311350277
6093b9186df3425437a5d53e,7,NPA0376,0.628335863724173
6093b9186df3425437a5d53e,8,NPA0173,0.6227544918595578
6093b9186df3425437a5d53e,9,NPA0382,0.6219305075251621
6093b9186df3425437a5d53e,10,NPA0156,0.6023268497938916
609137446df3425437fb9f66,1,NPA0093,0.9776025076875157
609137446df3425437fb9f66,2,NPA0273,0.9776025076875157
609137446df3425437fb9f66,3,NPA0351,0.6660554675326812
609137446df3425437fb9f66,4,NPA0523,0.6543321610032427
609137446df3425437fb9f66,5,NPA0224,0.6423761947354538
609137446df3425437fb9f66,6,NPA0390,0.6366370790244821
609137446df3425437fb9f66,7,NPA0549,0.576302215637456
609137446df3425437fb9f66,8,NPA0292,0.5657668795454878
609137446df3425437fb9f66,9,NPA0164,0.5433089303697081
609137446df3425437fb9f66,10,NPA0253,0.5308238463143072
6092797b6df3425437237467,1,NPA0144,0.9195153599965165
6092797b6df3425437237467,2,NPA0312,0.6267651841451832
6092797b6df3425437237467,3,NPA0546,0.6029268158627172
6092797b6df3425437237467,4,NPA0159,0.5717352527673707
6092797b6df3425437237467,5,NPA0352,0.5013421168950063
6092797b6df3425437237467,6,NPA0259,0.49944957849233035
6092797b6df3425437237467,7,NPA0428,0.49517302242185207
6092797b6df3425437237467,8,NPA0271,0.4871158148527406
6092797b6df3425437237467,9,NPA0542,0.4871158148527406
6092797b6df3425437237467,10,NPA0551,0.48146112923284173
609174796df34254373bef38,1,NPA0429,0.965391833946653
609174796df34254373bef38,2,NPA0404,0.8243268507826762
609174796df34254373bef38,3,NPA0197,0.6726046877691929
609174796df34254373bef38,4,NPA0246,0.6166461972926014
609174796df34254373bef38,5,NPA0552,0.597086425599584
609174796df34254373bef38,6,NPA0528,0.5282180025364333
609174796df34254373bef38,7,NPA0473,0.5166569266744812
609174796df34254373bef38,8,NPA0257,0.49761969061834843
609174796df34254373bef38,9,NPA0461,0.48860005705972664
609174796df34254373bef38,10,NPA0499,0.48340814153963446
609285fd6df3425437883121,1,NPA0404,0.9072878116935228
609285fd6df3425437883121,2,NPA0429,0.8236245761634431
609285fd6df3425437883121,3,NPA0352,0.7993806396958604
609285fd6df3425437883121,4,NPA0032,0.7874117106507074
609285fd6df3425437883121,5,NPA0318,0.6880179602195865
609285fd6df3425437883121,6,NPA0121,0.6591386309598691
609285fd6df3425437883121,7,NPA0074,0.5881516641501555
609285fd6df3425437883121,8,NPA0142,0.5854491174863371
609285fd6df3425437883121,9,NPA0172,0.5570047520731995
609285fd6df3425437883121,10,NPA0275,0.5559100932914454
6095950e6df3425437e04199,1,NPA0144,0.8370460546519709
6095950e6df3425437e04199,2,NPA0093,0.8036925466787757
6095950e6df3425437e04199,3,NPA0273,0.8036925466787757
6095950e6df3425437e04199,4,NPA0173,0.7696182829183555
6095950e6df3425437e04199,5,NPA0162,0.764108854550778
6095950e6df3425437e04199,6,NPA0091,0.7622806684423925
6095950e6df3425437e04199,7,NPA0548,0.7536438504376696
6095950e6df3425437e04199,8,NPA0032,0.7381277971061362
6095950e6df3425437e04199,9,NPA0546,0.7379739811937068
6095950e6df3425437e04199,10,NPA0159,0.7340881047038663
609336aa6df34254372270c9,1,NPA0545,0.9791746447542125
609336aa6df34254372270c9,2,NPA0312,0.7763178944323513
609336aa6df34254372270c9,3,NPA0322,0.6787031777774163
609336aa6df34254372270c9,4,NPA0212,0.6247963314715639
609336aa6df34254372270c9,5,NPA0382,0.5349705662952682
609336aa6df34254372270c9,6,NPA0159,0.5331780600502162
609336aa6df34254372270c9,7,NPA0199,0.5191710190752667
609336aa6df34254372270c9,8,NPA0255,0.5162350936181737
609336aa6df34254372270c9,9,NPA0546,0.5157262670180084
609336aa6df34254372270c9,10,NPA0218,0.5031211128241213
60925f816df342543766e6b8,1,NPA0144,0.835424789543642
60925f816df342543766e6b8,2,NPA0546,0.6839475024729382
60925f816df342543766e6b8,3,NPA0159,0.6526376574516908
60925f816df342543766e6b8,4,NPA0548,0.6355810872386691
60925f816df342543766e6b8,5,NPA0311,0.6262091895021307
60925f816df342543766e6b8,6,NPA0310,0.606301953560193
60925f816df342543766e6b8,7,NPA0353,0.5983720809633907
60925f816df342543766e6b8,8,NPA0266,0.5163598553592126
60925f816df342543766e6b8,9,NPA0461,0.5148127668014991
60925f816df342543766e6b8,10,NPA0556,0.4677191817998604
6091be486df342543776f120,1,NPA0429,0.9691315665087363
6091be486df342543776f120,2,NPA0404,0.8656044608440912
6091be486df342543776f120,3,NPA0309,0.7118180518989159
6091be486df342543776f120,4,NPA0499,0.5258187227348674
6091be486df342543776f120,5,NPA0538,0.5226438936158594
6091be486df342543776f120,6,NPA0220,0.5002419520716388
6091be486df342543776f120,7,NPA0376,0.4641440948331171
6091be486df342543776f120,8,NPA0013,0.43358543711705316
6091be486df342543776f120,9,NPA0129,0.4218649863669416
6091be486df342543776f120,10,NPA0352,0.42128752625487487
609153126df34254372010a9,1,NPA0144,0.9128876721755155
609153126df34254372010a9,2,NPA0546,0.6602628740930823
609153126df34254372010a9,3,NPA0548,0.6577916970823934
609153126df34254372010a9,4,NPA0159,0.6406827735075498
609153126df34254372010a9,5,NPA0256,0.532268809127719
609153126df34254372010a9,6,NPA0353,0.4846035833808485
609153126df34254372010a9,7,NPA0096,0.478248568756785
609153126df34254372010a9,8,NPA0179,0.4738670686545148
609153126df34254372010a9,9,NPA0310,0.46009508143728406
609153126df34254372010a9,10,NPA0312,0.45062980364863503
6091e5796df34254376dfd4e,1,NPA0224,0.9671144144971351
6091e5796df34254376dfd4e,2,NPA0164,0.8119101902723254
6091e5796df34254376dfd4e,3,NPA0144,0.6783754581326572
6091e5796df34254376dfd4e,4,NPA0223,0.6351520512604625
6091e5796df34254376dfd4e,5,NPA0159,0.6121495668749066
6091e5796df34254376dfd4e,6,NPA0364,0.6119522972594247
6091e5796df34254376dfd4e,7,NPA0546,0.6028520234293127
6091e5796df34254376dfd4e,8,NPA0026,0.58891928304892
6091e5796df34254376dfd4e,9,NPA0314,0.5838897865550935
6091e5796df34254376dfd4e,10,NPA0310,0.5705103350683817
60955d4e6df3425437ec70c9,1,NPA0416,0.9845842188094218
60955d4e6df3425437ec70c9,2,NPA0205,0.5219950128506181
60955d4e6df3425437ec70c9,3,NPA0104,0.4959100955011785
60955d4e6df3425437ec70c9,4,NPA0092,0.4469701007033271
60955d4e6df3425437ec70c9,5,NPA0361,0.4469701007033271
60955d4e6df3425437ec70c9,6,NPA0076,0.4409513450049426
60955d4e6df3425437ec70c9,7,NPA0054,0.40521205388191395
60955d4e6df3425437ec70c9,8,NPA0558,0.4008854409611836
60955d4e6df3425437ec70c9,9,NPA0352,0.39829861148401946
60955d4e6df3425437ec70c9,10,NPA0337,0.3947416020162203
6092401a6df3425437bd87ac,1,NPA0083,0.8566832892754467
6092401a6df3425437bd87ac,2,NPA0013,0.8288740907566483
6092401a6df3425437bd87ac,3,NPA0553,0.7946878876279013
6092401a6df3425437bd87ac,4,NPA0398,0.7283262295276117
6092401a6df3425437bd87ac,5,NPA0360,0.6821947104975762
6092401a6df3425437bd87ac,6,NPA0245,0.6766814859746364
6092401a6df3425437bd87ac,7,NPA0429,0.6603061132905511
6092401a6df3425437bd87ac,8,NPA0400,0.6578932523433909
6092401a6df3425437bd87ac,9,NPA0215,0.6363547280980216
6092401a6df3425437bd87ac,10,NPA0466,0.636059397255875
6093b1326df34254373650b2,1,NPA0416,1.0
6093b1326df34254373650b2,2,NPA0205,0.5656678947333292
6093b1326df34254373650b2,3,NPA0054,0.5446812509851471
6093b1326df34254373650b2,4,NPA0104,0.5058997984211504
6093b1326df34254373650b2,5,NPA0092,0.4685281125239815
6093b1326df34254373650b2,6,NPA0361,0.4685281125239815
6093b1326df34254373650b2,7,NPA0297,0.45960723134640613
6093b1326df34254373650b2,8,NPA0076,0.45123639442826186
6093b1326df34254373650b2,9,NPA0558,0.4270105087249514
6093b1326df34254373650b2,10,NPA0389,0.4185454411450218
6093f9df6df3425437b72403,1,NPA0374,0.8652729176917515
6093f9df6df3425437b72403,2,NPA0415,0.567993250923879
6093f9df6df3425437b72403,3,NPA0382,0.5678364101146456
6093f9df6df3425437b72403,4,NPA0220,0.567736807486126
6093f9df6df3425437b72403,5,NPA0446,0.5240133055255829
6093f9df6df3425437b72403,6,NPA0537,0.49697268952969
6093f9df6df3425437b72403,7,NPA0254,0.4948144173349408
6093f9df6df3425437b72403,8,NPA0205,0.4763874900906572
6093f9df6df3425437b72403,9,NPA0037,0.47068400286914025
6093f9df6df3425437b72403,10,NPA0156,0.4663243608214491
6093075c6df3425437a102d5,1,NPA0288,0.8039964998589262
6093075c6df3425437a102d5,2,NPA0309,0.759544932170009
6093075c6df3425437a102d5,3,NPA0352,0.6584275591024812
6093075c6df3425437a102d5,4,NPA0183,0.6548115302546385
6093075c6df3425437a102d5,5,NPA0218,0.644057678348785
6093075c6df3425437a102d5,6,NPA0172,0.6416598545294965
6093075c6df3425437a102d5,7,NPA0429,0.5622219711060168
6093075c6df3425437a102d5,8,NPA0485,0.5571086394930754
6093075c6df3425437a102d5,9,NPA0400,0.5443444041876763
6093075c6df3425437a102d5,10,NPA0312,0.5435456849892755
609138cc6df34254370f4076,1,NPA0550,0.9275240366243255
609138cc6df34254370f4076,2,NPA0556,0.6713467297833566
609138cc6df34254370f4076,3,NPA0553,0.6523661745669737
609138cc6df34254370f4076,4,NPA0311,0.6281511337825288
609138cc6df34254370f4076,5,NPA0066,0.5540846180767971
609138cc6df34254370f4076,6,NPA0555,0.5298561061735699
609138cc6df34254370f4076,7,NPA0192,0.5042660694862242
609138cc6df34254370f4076,8,NPA0246,0.46778511187179994
609138cc6df34254370f4076,9,NPA0303,0.45280653341071886
609138cc6df34254370f4076,10,NPA0093,0.42899738256386033
6092fcea6df3425437a04929,1,NPA0116,1.0
6092fcea6df3425437a04929,2,NPA0316,0.8966041153175142
6092fcea6df3425437a04929,3,NPA0331,0.8849239267669906
6092fcea6df3425437a04929,4,NPA0083,0.8515312562032893
6092fcea6df3425437a04929,5,NPA0415,0.8161893351378502
6092fcea6df3425437a04929,6,NPA0013,0.7756786718639923
6092fcea6df3425437a04929,7,NPA0384,0.7476860540174648
6092fcea6df3425437a04929,8,NPA0342,0.7464331676699936
6092fcea6df3425437a04929,9,NPA0501,0.6866105695250282
6092fcea6df3425437a04929,10,NPA0396,0.6762067168695483
609425996df3425437b6de03,1,NPA0562,0.9878233760004795
609425996df3425437b6de03,2,NPA0481,0.8022406576572272
609425996df3425437b6de03,3,NPA0007,0.8022401180727072
609425996df3425437b6de03,4,NPA0074,0.7052582038527428
609425996df3425437b6de03,5,NPA0142,0.7045083612315611
609425996df3425437b6de03,6,NPA0060,0.6960486159280298
609425996df3425437b6de03,7,NPA0356,0.6628717897468995
609425996df3425437b6de03,8,NPA0286,0.5991269761184288
609425996df3425437b6de03,9,NPA0438,0.5424822470782658
609425996df3425437b6de03,10,NPA0146,0.4913209180709026
6091fdbc6df34254378c88bb,1,NPA0151,0.9726178848401719
6091fdbc6df34254378c88bb,2,NPA0126,0.8560523452076493
6091fdbc6df34254378c88bb,3,NPA0430,0.8189045015839331
6091fdbc6df34254378c88bb,4,NPA0052,0.8185589509814548
6091fdbc6df34254378c88bb,5,NPA0432,0.8111049065774708
6091fdbc6df34254378c88bb,6,NPA0328,0.7624543829418087
6091fdbc6df34254378c88bb,7,NPA0070,0.7598802289853339
6091fdbc6df34254378c88bb,8,NPA0059,0.744680221597623
6091fdbc6df34254378c88bb,9,NPA0097,0.7143590470973236
6091fdbc6df34254378c88bb,10,NPA0003,0.7136188118116822
609182f86df3425437eb1690,1,NPA0544,0.9618489317941781
609182f86df3425437eb1690,2,NPA0551,0.6531135042837724
609182f86df3425437eb1690,3,NPA0150,0.6187074698784375
609182f86df3425437eb1690,4,NPA0147,0.5993312283851671
609182f86df3425437eb1690,5,NPA0395,0.5576406694950902
609182f86df3425437eb1690,6,NPA0458,0.5471404871865125
609182f86df3425437eb1690,7,NPA0474,0.5157568505237802
609182f86df3425437eb1690,8,NPA0396,0.5138140384021895
609182f86df3425437eb1690,9,NPA0248,0.5134617887722448
609182f86df3425437eb1690,10,NPA0413,0.5119100417029733
6091b76c6df342543729d888,1,NPA0416,0.9730516906639702
6091b76c6df342543729d888,2,NPA0429,0.7095016974972266
6091b76c6df342543729d888,3,NPA0352,0.6376547800361309
6091b76c6df342543729d888,4,NPA0054,0.6227565271221779
6091b76c6df342543729d888,5,NPA0086,0.49300083855505267
6091b76c6df342543729d888,6,NPA0110,0.48867559526863646
6091b76c6df342543729d888,7,NPA0404,0.4856337436377482
6091b76c6df342543729d888,8,NPA0032,0.47310975536621014
6091b76c6df342543729d888,9,NPA0484,0.4716382074882878
6091b76c6df342543729d888,10,NPA0318,0.467333305610913
609379536df3425437dde49c,1,NPA0212,0.9516305394089482
609379536df3425437dde49c,2,NPA0107,0.9177319508563024
609379536df3425437dde49c,3,NPA0001,0.8528601637685017
609379536df3425437dde49c,4,NPA0156,0.8445858464053158
609379536df3425437dde49c,5,NPA0339,0.810810919300169
609379536df3425437dde49c,6,NPA0172,0.7729226919455586
609379536df3425437dde49c,7,NPA0382,0.7722048464915178
609379536df3425437dde49c,8,NPA0094,0.7669849740398319
609379536df3425437dde49c,9,NPA0304,0.7625284307495585
609379536df3425437dde49c,10,NPA0189,0.7617047845515914
60940ad76df342543717e0e2,1,NPA0429,0.9775169272038131
60940ad76df342543717e0e2,2,NPA0309,0.8539514869522894
60940ad76df342543717e0e2,3,NPA0404,0.790828408980087
60940ad76df342543717e0e2,4,NPA0488,0.7585173874799067
60940ad76df342543717e0e2,5,NPA0183,0.7525552266840851
60940ad76df342543717e0e2,6,NPA0400,0.750360413712444
60940ad76df342543717e0e2,7,NPA0173,0.7030074564712359
60940ad76df342543717e0e2,8,NPA0297,0.6961031678668075
60940ad76df342543717e0e2,9,NPA0485,0.6770776812012463
60940ad76df342543717e0e2,10,NPA0555,0.6751793141045933
609345826df34254373c1e38,1,NPA0401,0.9184254267579632
609345826df34254373c1e38,2,NPA0125,0.8702153738273077
609345826df34254373c1e38,3,NPA0411,0.8630257616419981
609345826df34254373c1e38,4,NPA0146,0.8616936200698031
609345826df34254373c1e38,5,NPA0529,0.8224370329121325
609345826df34254373c1e38,6,NPA0241,0.8177878382712566
609345826df34254373c1e38,7,NPA0304,0.8064563173089386
609345826df34254373c1e38,8,NPA0424,0.742030330082396
609345826df34254373c1e38,9,NPA0484,0.6960904964445178
609345826df34254373c1e38,10,NPA0557,0.6747709015744752
60913d286df3425437424115,1,NPA0429,1.0
60913d286df3425437424115,2,NPA0554,0.6776204037001652
60913d286df3425437424115,3,NPA0404,0.6491020497298203
60913d286df3425437424115,4,NPA0389,0.6198075410873921
60913d286df3425437424115,5,NPA0309,0.5779650339030926
60913d286df3425437424115,6,NPA0350,0.5383724104593014
60913d286df3425437424115,7,NPA0352,0.5284167355884696
60913d286df3425437424115,8,NPA0220,0.5205256930238865
60913d286df3425437424115,9,NPA0400,0.5003753799506525
60913d286df3425437424115,10,NPA0398,0.4977879703195621
60936ca56df342543794f1af,1,NPA0206,0.8444181001750051
60936ca56df342543794f1af,2,NPA0136,0.829485175035297
60936ca56df342543794f1af,3,NPA0420,0.8184476241358303
60936ca56df342543794f1af,4,NPA0193,0.81372410836336
60936ca56df342543794f1af,5,NPA0482,0.7906836983127626
60936ca56df342543794f1af,6,NPA0205,0.7856022692234257
60936ca56df342543794f1af,7,NPA0537,0.7812714013556321
60936ca56df342543794f1af,8,NPA0254,0.778060211768109
60936ca56df342543794f1af,9,NPA0498,0.7759621473207003
60936ca56df342543794f1af,10,NPA0393,0.7654053434695876
609180ae6df3425437c695be,1,NPA0388,0.8394541788997585
609180ae6df3425437c695be,2,NPA0321,0.7755648734818069
609180ae6df3425437c695be,3,NPA0179,0.770273087455615
609180ae6df3425437c695be,4,NPA0355,0.7554728268966718
609180ae6df3425437c695be,5,NPA0469,0.7281631769266566
609180ae6df3425437c695be,6,NPA0490,0.7281631769266566
609180ae6df3425437c695be,7,NPA0153,0.7272345598903112
609180ae6df3425437c695be,8,NPA0348,0.7063296331910571
609180ae6df3425437c695be,9,NPA0093,0.7029480305789955
609180ae6df3425437c695be,10,NPA0273,0.7029480305789955
6093238f6df3425437bf7106,1,NPA0171,0.8941726391692496
6093238f6df3425437bf7106,2,NPA0064,0.8631081167608275
6093238f6df3425437bf7106,3,NPA0398,0.7831434064669254
6093238f6df3425437bf7106,4,NPA0555,0.7427485238451845
6093238f6df3425437bf7106,5,NPA0453,0.7298798560612936
6093238f6df3425437bf7106,6,NPA0338,0.6991422263875875
6093238f6df3425437bf7106,7,NPA0393,0.6906180516391951
6093238f6df3425437bf7106,8,NPA0218,0.6448273524465168
6093238f6df3425437bf7106,9,NPA0214,0.6291839408124609
6093238f6df3425437bf7106,10,NPA0172,0.6165523219052352
6091d67e6df3425437b37a60,1,NPA0219,0.9569021486222977
6091d67e6df3425437b37a60,2,NPA0224,0.6475242358642762
6091d67e6df3425437b37a60,3,NPA0348,0.6408343943152658
6091d67e6df3425437b37a60,4,NPA0351,0.6251045197738533
6091d67e6df3425437b37a60,5,NPA0026,0.6194966451865985
6091d67e6df3425437b37a60,6,NPA0144,0.5899327317512156
6091d67e6df3425437b37a60,7,NPA0390,0.5807118140418435
6091d67e6df3425437b37a60,8,NPA0364,0.5776313597396949
6091d67e6df3425437b37a60,9,NPA0253,0.5648824598466202
6091d67e6df3425437b37a60,10,NPA0338,0.5400765495409681
60920c886df34254372c41f5,1,NPA0558,0.9738019443529055
60920c886df34254372c41f5,2,NPA0144,0.8720619743092994
60920c886df34254372c41f5,3,NPA0084,0.7611583192767539
60920c886df34254372c41f5,4,NPA0428,0.7392364230198358
60920c886df34254372c41f5,5,NPA0546,0.7198392150070962
60920c886df34254372c41f5,6,NPA0031,0.7047719088425808
60920c886df34254372c41f5,7,NPA0054,0.6968672343075497
60920c886df34254372c41f5,8,NPA0041,0.6901634847961015
60920c886df34254372c41f5,9,NPA0457,0.6794986627919477
60920c886df34254372c41f5,10,NPA0159,0.6774447230992151
6093ccba6df342543758a373,1,NPA0241,0.9372021686162898
6093ccba6df342543758a373,2,NPA0304,0.9362575393790755
6093ccba6df342543758a373,3,NPA0183,0.8859282679266027
6093ccba6df342543758a373,4,NPA0485,0.7496936971163722
6093ccba6df342543758a373,5,NPA0522,0.6883167698106827
6093ccba6df342543758a373,6,NPA0398,0.6821243909964667
6093ccba6df342543758a373,7,NPA0214,0.6720196683239696
6093ccba6df342543758a373,8,NPA0026,0.6345765549474636
6093ccba6df342543758a373,9,NPA0400,0.6264048123220898
6093ccba6df342543758a373,10,NPA0297,0.617401641107987
6091d4ec6df34254379b5ef5,1,NPA0429,1.0
6091d4ec6df34254379b5ef5,2,NPA0309,0.6568287784655591
6091d4ec6df34254379b5ef5,3,NPA0398,0.5764806443563442
6091d4ec6df34254379b5ef5,4,NPA0404,0.5406386339973965
6091d4ec6df34254379b5ef5,5,NPA0352,0.5180704106206658
6091d4ec6df34254379b5ef5,6,NPA0378,0.4597118376767003
6091d4ec6df34254379b5ef5,7,NPA0552,0.4418270885152169
6091d4ec6df34254379b5ef5,8,NPA0156,0.417676060258344
6091d4ec6df34254379b5ef5,9,NPA0110,0.4105096504639718
6091d4ec6df34254379b5ef5,10,NPA0297,0.40364750550915385
6093bbad6df3425437c553ae,1,NPA0560,0.9014317766135378
6093bbad6df3425437c553ae,2,NPA0309,0.8804031917269007
6093bbad6df3425437c553ae,3,NPA0429,0.799208424013563
6093bbad6df3425437c553ae,4,NPA0317,0.7762822266056623
6093bbad6df3425437c553ae,5,NPA0220,0.7596745162582019
6093bbad6df3425437c553ae,6,NPA0387,0.7546611551236667
6093bbad6df3425437c553ae,7,NPA0200,0.6907160660972075
6093bbad6df3425437c553ae,8,NPA0389,0.6334171169139627
6093bbad6df3425437c553ae,9,NPA0311,0.6233597021199466
6093bbad6df3425437c553ae,10,NPA0253,0.6189801899757179
609261be6df342543774abf7,1,NPA0279,0.8899520515974559
609261be6df342543774abf7,2,NPA0309,0.8063723062237937
609261be6df342543774abf7,3,NPA0083,0.7991317431330712
609261be6df342543774abf7,4,NPA0110,0.7876843528155357
609261be6df342543774abf7,5,NPA0431,0.7724342970026347
609261be6df342543774abf7,6,NPA0429,0.7486865623647737
609261be6df342543774abf7,7,NPA0501,0.744732623131579
609261be6df342543774abf7,8,NPA0442,0.7434398922063045
609261be6df342543774abf7,9,NPA0114,0.7297572484153473
609261be6df342543774abf7,10,NPA0507,0.7289304251053415
609423a96df34254378ffc16,1,NPA0156,0.9583343815330039
609423a96df34254378ffc16,2,NPA0107,0.8691236960927202
609423a96df34254378ffc16,3,NPA0344,0.6894876462795756
609423a96df34254378ffc16,4,NPA0241,0.6881147830123433
609423a96df34254378ffc16,5,NPA0304,0.6850979872501706
609423a96df34254378ffc16,6,NPA0032,0.6605818544911242
609423a96df34254378ffc16,7,NPA0158,0.6359449992608437
609423a96df34254378ffc16,8,NPA0093,0.634422080721487
609423a96df34254378ffc16,9,NPA0273,0.6344216030608776
609423a96df34254378ffc16,10,NPA0119,0.6333591462864813
60925aff6df34254374b3388,1,NPA0144,0.8598637284630679
60925aff6df34254374b3388,2,NPA0546,0.6811585272526477
60925aff6df34254374b3388,3,NPA0548,0.6759651212188035
60925aff6df34254374b3388,4,NPA0159,0.6516579580310736
60925aff6df34254374b3388,5,NPA0179,0.48599044997709084
60925aff6df34254374b3388,6,NPA0353,0.44977441123319273
60925aff6df34254374b3388,7,NPA0310,0.4445413485071635
60925aff6df34254374b3388,8,NPA0312,0.44017456310918424
60925aff6df34254374b3388,9,NPA0259,0.31581274963121464
60925aff6df34254374b3388,10,NPA0120,0.2994564180089263
6091ac066df3425437b7c927,1,NPA0190,0.9343990551052824
6091ac066df3425437b7c927,2,NPA0093,0.7205437300153246
6091ac066df3425437b7c927,3,NPA0273,0.7205437300153246
6091ac066df3425437b7c927,4,NPA0032,0.7039801708911575
6091ac066df3425437b7c927,5,NPA0502,0.6923253452866261
6091ac066df3425437b7c927,6,NPA0083,0.6758110412339283
6091ac066df3425437b7c927,7,NPA0215,0.6597581984251667
6091ac066df3425437b7c927,8,NPA0555,0.6519042040368245
6091ac066df3425437b7c927,9,NPA0251,0.6363819024046857
6091ac066df3425437b7c927,10,NPA0013,0.6293258170326618
609191456df3425437b5faf0,1,NPA0499,0.9905671017999933
609191456df3425437b5faf0,2,NPA0538,0.982312177088017
609191456df3425437b5faf0,3,NPA0204,0.8891610634793938
609191456df3425437b5faf0,4,NPA0158,0.7933486481723317
609191456df3425437b5faf0,5,NPA0050,0.7268999435183024
609191456df3425437b5faf0,6,NPA0560,0.709914862271917
609191456df3425437b5faf0,7,NPA0052,0.7071867099218642
609191456df3425437b5faf0,8,NPA0430,0.6783598263027443
609191456df3425437b5faf0,9,NPA0389,0.675856334734132
609191456df3425437b5faf0,10,NPA0008,0.6484199811091418
609392cc6df34254375d68e4,1,NPA0555,0.9653791297698435
609392cc6df34254375d68e4,2,NPA0282,0.8841392003720231
609392cc6df34254375d68e4,3,NPA0198,0.8814655442147815
609392cc6df34254375d68e4,4,NPA0478,0.7330465408933192
609392cc6df34254375d68e4,5,NPA0101,0.6951443879829049
609392cc6df34254375d68e4,6,NPA0086,0.6703744420463666
609392cc6df34254375d68e4,7,NPA0206,0.654428894584651
609392cc6df34254375d68e4,8,NPA0550,0.6330900244642393
609392cc6df34254375d68e4,9,NPA0193,0.6306544432541794
609392cc6df34254375d68e4,10,NPA0420,0.590965825968861
60936c156df342543776741d,1,NPA0370,0.9903251478889685
60936c156df342543776741d,2,NPA0183,0.7303991753667116
60936c156df342543776741d,3,NPA0186,0.6884634702966247
60936c156df342543776741d,4,NPA0382,0.5592110411955373
60936c156df342543776741d,5,NPA0507,0.5490694882790732
60936c156df342543776741d,6,NPA0093,0.5364965336981047
60936c156df342543776741d,7,NPA0273,0.5364965336981047
60936c156df342543776741d,8,NPA0484,0.5174229234585995
60936c156df342543776741d,9,NPA0221,0.5070547224403892
60936c156df342543776741d,10,NPA0001,0.4996728593041927
609414d06df34254378dc735,1,NPA0404,0.9042330896736333
609414d06df34254378dc735,2,NPA0429,0.8461127463813021
609414d06df34254378dc735,3,NPA0032,0.779376791503997
609414d06df34254378dc735,4,NPA0352,0.7405587912774776
609414d06df34254378dc735,5,NPA0318,0.6431921462464596
609414d06df34254378dc735,6,NPA0121,0.5990743695040694
609414d06df34254378dc735,7,NPA0560,0.598808031978611
609414d06df34254378dc735,8,NPA0013,0.596271505489179
609414d06df34254378dc735,9,NPA0309,0.533830744254683
609414d06df34254378dc735,10,NPA0107,0.5266300080082987
609158516df34254375bcca7,1,NPA0399,0.8308854405458969
609158516df34254375bcca7,2,NPA0116,0.7710035370426314
609158516df34254375bcca7,3,NPA0295,0.7522850735197186
609158516df34254375bcca7,4,NPA0221,0.7431628303885262
609158516df34254375bcca7,5,NPA0098,0.7073647669475299
609158516df34254375bcca7,6,NPA0378,0.6701873158446938
609158516df34254375bcca7,7,NPA0190,0.6636094654955124
609158516df34254375bcca7,8,NPA0179,0.641380371416314
609158516df34254375bcca7,9,NPA0322,0.6225749236684939
609158516df34254375bcca7,10,NPA0047,0.6110902728163987
6093e3f36df3425437f25b6d,1,NPA0562,0.9575700206965739
6093e3f36df3425437f25b6d,2,NPA0286,0.6154487437244112
6093e3f36df3425437f25b6d,3,NPA0083,0.5064889101588665
6093e3f36df3425437f25b6d,4,NPA0438,0.5026772211134389
6093e3f36df3425437f25b6d,5,NPA0146,0.4812928781687743
6093e3f36df3425437f25b6d,6,NPA0342,0.4692512066274108
6093e3f36df3425437f25b6d,7,NPA0350,0.46743997373279733
6093e3f36df3425437f25b6d,8,NPA0444,0.46355779375794043
6093e3f36df3425437f25b6d,9,NPA0007,0.4604750282300609
6093e3f36df3425437f25b6d,10,NPA0481,0.4604750282300609
60915fc86df34254378ac1a1,1,NPA0398,0.9805861218092999
60915fc86df34254378ac1a1,2,NPA0554,0.8420047035101395
60915fc86df34254378ac1a1,3,NPA0559,0.7649666614973138
60915fc86df34254378ac1a1,4,NPA0400,0.6571870809697379
60915fc86df34254378ac1a1,5,NPA0046,0.6412871346300197
60915fc86df34254378ac1a1,6,NPA0020,0.605477465106519
60915fc86df34254378ac1a1,7,NPA0345,0.5964368024907978
60915fc86df34254378ac1a1,8,NPA0173,0.594885823685257
60915fc86df34254378ac1a1,9,NPA0389,0.565547094372131
60915fc86df34254378ac1a1,10,NPA0297,0.5539255761642357
609128356df34254379cabf0,1,NPA0020,0.9481191533668452
609128356df34254379cabf0,2,NPA0226,0.8093986284034168
609128356df34254379cabf0,3,NPA0334,0.7867871484324123
609128356df34254379cabf0,4,NPA0297,0.7724352526250692
609128356df34254379cabf0,5,NPA0173,0.7427485122270691
609128356df34254379cabf0,6,NPA0562,0.7411167845502004
609128356df34254379cabf0,7,NPA0007,0.6584789192195427
609128356df34254379cabf0,8,NPA0481,0.6584789192195427
609128356df34254379cabf0,9,NPA0060,0.6478609115644516
609128356df34254379cabf0,10,NPA0400,0.6390333460991118
6093880d6df3425437c373d9,1,NPA0273,0.8946721304197975
6093880d6df3425437c373d9,2,NPA0093,0.8946718955263805
6093880d6df3425437c373d9,3,NPA0311,0.6879047862517917
6093880d6df3425437c373d9,4,NPA0553,0.6021182432020752
6093880d6df3425437c373d9,5,NPA0312,0.6011363942215149
6093880d6df3425437c373d9,6,NPA0199,0.5686192878335081
6093880d6df3425437c373d9,7,NPA0547,0.5629082230316671
6093880d6df3425437c373d9,8,NPA0159,0.5583707473954638
6093880d6df3425437c373d9,9,NPA0172,0.5572188468841641
6093880d6df3425437c373d9,10,NPA0498,0.5570501537447393
6092258e6df3425437fe9d23,1,NPA0144,0.844490983252353
6092258e6df3425437fe9d23,2,NPA0172,0.832883403827634
6092258e6df3425437fe9d23,3,NPA0398,0.8297605742124763
6092258e6df3425437fe9d23,4,NPA0376,0.7463320058822982
6092258e6df3425437fe9d23,5,NPA0546,0.7205876089375558
6092258e6df3425437fe9d23,6,NPA0159,0.7192625014038871
6092258e6df3425437fe9d23,7,NPA0469,0.7080485615579641
6092258e6df3425437fe9d23,8,NPA0490,0.7080485615579641
6092258e6df3425437fe9d23,9,NPA0214,0.7040564597625173
6092258e6df3425437fe9d23,10,NPA0382,0.688250312645034
6091da356df3425437e4432e,1,NPA0099,0.9445549974281802
6091da356df3425437e4432e,2,NPA0359,0.91925441378476
6091da356df3425437e4432e,3,NPA0284,0.9164178471117195
6091da356df3425437e4432e,4,NPA0480,0.8360354214662397
6091da356df3425437e4432e,5,NPA0248,0.8113307258443323
6091da356df3425437e4432e,6,NPA0396,0.8060400045998031
6091da356df3425437e4432e,7,NPA0555,0.7990158747623031
6091da356df3425437e4432e,8,NPA0437,0.7444756973817446
6091da356df3425437e4432e,9,NPA0344,0.7183604983411295
6091da356df3425437e4432e,10,NPA0086,0.6998683048054046
609128506df34254379dd5fb,1,NPA0550,0.8661817665940138
609128506df34254379dd5fb,2,NPA0210,0.8173473724514679
609128506df34254379dd5fb,3,NPA0388,0.8113360665075028
609128506df34254379dd5fb,4,NPA0446,0.7488874204555687
609128506df34254379dd5fb,5,NPA0483,0.7378827951122024
609128506df34254379dd5fb,6,NPA0548,0.7356406962170816
609128506df34254379dd5fb,7,NPA0117,0.7265360387074508
609128506df34254379dd5fb,8,NPA0555,0.7044411416454981
609128506df34254379dd5fb,9,NPA0420,0.6749429714193604
609128506df34254379dd5fb,10,NPA0469,0.6675115036489745
60937e746df34254373991a3,1,NPA0007,0.9030484075016404
60937e746df34254373991a3,2,NPA0481,0.9030484075016404
60937e746df34254373991a3,3,NPA0142,0.8570326596482445
60937e746df34254373991a3,4,NPA0074,0.8568704717727622
60937e746df34254373991a3,5,NPA0243,0.8545868399328176
60937e746df34254373991a3,6,NPA0083,0.8262095841623962
60937e746df34254373991a3,7,NPA0289,0.8221785255871364
60937e746df34254373991a3,8,NPA0261,0.8117088983937044
60937e746df34254373991a3,9,NPA0507,0.7475307566598471
60937e746df34254373991a3,10,NPA0396,0.7298793493914237
6093ee6b6df342543745fa4f,1,NPA0093,0.8559578197654438
6093ee6b6df342543745fa4f,2,NPA0273,0.8559578197654438
6093ee6b6df342543745fa4f,3,NPA0312,0.8321304656570724
6093ee6b6df342543745fa4f,4,NPA0546,0.8068347560526914
6093ee6b6df342543745fa4f,5,NPA0550,0.8054688873828607
6093ee6b6df342543745fa4f,6,NPA0159,0.7906376685931034
6093ee6b6df342543745fa4f,7,NPA0548,0.7725478115804806
6093ee6b6df342543745fa4f,8,NPA0558,0.746470831431147
6093ee6b6df342543745fa4f,9,NPA0469,0.7085868832173393
6093ee6b6df342543745fa4f,10,NPA0490,0.7085868832173393
609155016df342543733a082,1,NPA0556,1.0
609155016df342543733a082,2,NPA0553,0.8872340805714365
609155016df342543733a082,3,NPA0093,0.4386595221387527
609155016df342543733a082,4,NPA0273,0.4386595221387527
609155016df342543733a082,5,NPA0550,0.423105362177947
609155016df342543733a082,6,NPA0253,0.39516502510268015
609155016df342543733a082,7,NPA0107,0.3646177615417
609155016df342543733a082,8,NPA0066,0.3541329420239656
609155016df342543733a082,9,NPA0311,0.34156578038386015
609155016df342543733a082,10,NPA0474,0.33354689606774557
6093196f6df3425437acfd9c,1,NPA0549,1.0
6093196f6df3425437acfd9c,2,NPA0349,0.6211161947800663
6093196f6df3425437acfd9c,3,NPA0420,0.4798546881628749
6093196f6df3425437acfd9c,4,NPA0074,0.47625144418818943
6093196f6df3425437acfd9c,5,NPA0142,0.47473902228215936
6093196f6df3425437acfd9c,6,NPA0172,0.4714724874312377
6093196f6df3425437acfd9c,7,NPA0019,0.44327646553963435
6093196f6df3425437acfd9c,8,NPA0015,0.44302589899211264
6093196f6df3425437acfd9c,9,NPA0495,0.42469315527111373
6093196f6df3425437acfd9c,10,NPA0002,0.40776224633818364
609321366df3425437394844,1,NPA0544,0.8992850842261216
609321366df3425437394844,2,NPA0189,0.7709595634118187
609321366df3425437394844,3,NPA0383,0.7655497027708855
609321366df3425437394844,4,NPA0147,0.7204387251275973
609321366df3425437394844,5,NPA0432,0.7069440909438984
609321366df3425437394844,6,NPA0318,0.6904773768948107
609321366df3425437394844,7,NPA0108,0.6901853571283685
609321366df3425437394844,8,NPA0385,0.6886855262345507
609321366df3425437394844,9,NPA0183,0.6886391644637153
609321366df3425437394844,10,NPA0328,0.6846571839855777
609315e26df3425437ce9db2,1,NPA0470,0.8742693653795452
609315e26df3425437ce9db2,2,NPA0173,0.8729002355898949
609315e26df3425437ce9db2,3,NPA0208,0.8571221256944912
609315e26df3425437ce9db2,4,NPA0163,0.7346754149062299
609315e26df3425437ce9db2,5,NPA0407,0.7326228077068665
609315e26df3425437ce9db2,6,NPA0382,0.6969192251835434
609315e26df3425437ce9db2,7,NPA0170,0.6915594082551231
609315e26df3425437ce9db2,8,NPA0155,0.6705170518707234
609315e26df3425437ce9db2,9,NPA0220,0.6431137879496054
609315e26df3425437ce9db2,10,NPA0020,0.6368527090736389
6093324f6df34254372a382c,1,NPA0547,0.8848525496796098
6093324f6df34254372a382c,2,NPA0346,0.8804757491110291
6093324f6df34254372a382c,3,NPA0443,0.673825126127388
6093324f6df34254372a382c,4,NPA0199,0.6683599064195943
6093324f6df34254372a382c,5,NPA0383,0.6641311061326203
6093324f6df34254372a382c,6,NPA0375,0.6203464024469241
6093324f6df34254372a382c,7,NPA0189,0.6188435225588607
6093324f6df34254372a382c,8,NPA0556,0.6086282907280349
6093324f6df34254372a382c,9,NPA0093,0.6063770236472672
6093324f6df34254372a382c,10,NPA0273,0.6063770236472672
609410416df34254375035df,1,NPA0553,0.9757544079306901
609410416df34254375035df,2,NPA0556,0.848802288521652
609410416df34254375035df,3,NPA0272,0.47332486872715895
609410416df34254375035df,4,NPA0234,0.46446635261388325
609410416df34254375035df,5,NPA0342,0.4210311197394381
609410416df34254375035df,6,NPA0456,0.4078638934433547
609410416df34254375035df,7,NPA0091,0.4043832509805138
609410416df34254375035df,8,NPA0469,0.4004941770548597
609410416df34254375035df,9,NPA0490,0.4004941770548597
609410416df34254375035df,10,NPA0547,0.39606143427339374
6092363a6df342543776166d,1,NPA0547,0.9205465797182699
6092363a6df342543776166d,2,NPA0553,0.7357248692799029
6092363a6df342543776166d,3,NPA0456,0.7336422404969785
6092363a6df342543776166d,4,NPA0184,0.6970044555837194
6092363a6df342543776166d,5,NPA0360,0.6835810832576231
6092363a6df342543776166d,6,NPA0064,0.6562336200351265
6092363a6df342543776166d,7,NPA0556,0.6071804187807179
6092363a6df342543776166d,8,NPA0249,0.5976566452950416
6092363a6df342543776166d,9,NPA0346,0.5908918248314152
6092363a6df342543776166d,10,NPA0364,0.5881214013769721
60920ca26df34254372cbf48,1,NPA0557,0.8742970706107888
60920ca26df34254372cbf48,2,NPA0375,0.8691759744916427
60920ca26df34254372cbf48,3,NPA0549,0.8244657550364114
60920ca26df34254372cbf48,4,NPA0045,0.6649529550810083
60920ca26df34254372cbf48,5,NPA0179,0.6603999369336568
60920ca26df34254372cbf48,6,NPA0211,0.6411855141926452
60920ca26df34254372cbf48,7,NPA0222,0.6128041393990703
60920ca26df34254372cbf48,8,NPA0443,0.6091597476246956
60920ca26df34254372cbf48,9,NPA0454,0.6056894168506399
60920ca26df34254372cbf48,10,NPA0247,0.6048476412870643
6093059d6df34254373f3c13,1,NPA0202,0.979040648343457
6093059d6df34254373f3c13,2,NPA0429,0.9042458999812524
6093059d6df34254373f3c13,3,NPA0012,0.8505479285555142
6093059d6df34254373f3c13,4,NPA0455,0.797152960192351
6093059d6df34254373f3c13,5,NPA0372,0.7948741409544171
6093059d6df34254373f3c13,6,NPA0560,0.7795166488577726
6093059d6df34254373f3c13,7,NPA0231,0.7453186560614209
6093059d6df34254373f3c13,8,NPA0031,0.6734424244189778
6093059d6df34254373f3c13,9,NPA0309,0.650353434612614
6093059d6df34254373f3c13,10,NPA0391,0.6303645774688758
609388916df3425437cc0673,1,NPA0220,1.0
609388916df3425437cc0673,2,NPA0020,0.6100296058030701
609388916df3425437cc0673,3,NPA0170,0.5804531853632094
609388916df3425437cc0673,4,NPA0155,0.5662220124297059
609388916df3425437cc0673,5,NPA0382,0.5584778360194786
609388916df3425437cc0673,6,NPA0208,0.5471250068636174
609388916df3425437cc0673,7,NPA0207,0.5261354003153147
609388916df3425437cc0673,8,NPA0042,0.5167315475502272
609388916df3425437cc0673,9,NPA0356,0.5127414709983714
609388916df3425437cc0673,10,NPA0554,0.5051182117290334
60913da26df342543748ee53,1,NPA0339,0.8549108083063055
60913da26df342543748ee53,2,NPA0156,0.7635792676008667
60913da26df342543748ee53,3,NPA0146,0.7263673136663322
60913da26df342543748ee53,4,NPA0125,0.7171505364319488
60913da26df342543748ee53,5,NPA0411,0.7105985799010529
60913da26df342543748ee53,6,NPA0557,0.683484183672811
60913da26df342543748ee53,7,NPA0304,0.6778280500150452
60913da26df342543748ee53,8,NPA0484,0.6720843382607802
60913da26df342543748ee53,9,NPA0241,0.654967456720325
60913da26df342543748ee53,10,NPA0292,0.6200835196825063
6091e22a6df34254374e83f6,1,NPA0560,0.9441574746985847
6091e22a6df34254374e83f6,2,NPA0054,0.47686126171751847
6091e22a6df34254374e83f6,3,NPA0366,0.47372417010982315
6091e22a6df34254374e83f6,4,NPA0460,0.47288060764143847
6091e22a6df34254374e83f6,5,NPA0270,0.4671627243354597
6091e22a6df34254374e83f6,6,NPA0011,0.4525793440177447
6091e22a6df34254374e83f6,7,NPA0186,0.4251558533433546
6091e22a6df34254374e83f6,8,NPA0220,0.41724126673078155
6091e22a6df34254374e83f6,9,NPA0095,0.40321834263863043
6091e22a6df34254374e83f6,10,NPA0318,0.4003162844143371
60940e946df34254373e64f7,1,NPA0545,0.9046676294305882
60940e946df34254373e64f7,2,NPA0259,0.6162205119572356
60940e946df34254373e64f7,3,NPA0470,0.5966936442346781
60940e946df34254373e64f7,4,NPA0312,0.5945278129681956
60940e946df34254373e64f7,5,NPA0322,0.5895500887459308
60940e946df34254373e64f7,6,NPA0273,0.5865485231706625
60940e946df34254373e64f7,7,NPA0093,0.5865481285952848
60940e946df34254373e64f7,8,NPA0095,0.5837492667316492
60940e946df34254373e64f7,9,NPA0311,0.5763850031166436
60940e946df34254373e64f7,10,NPA0208,0.5674890092174869
6093ee6b6df342543745fa53,1,NPA0546,0.9066186637717635
6093ee6b6df342543745fa53,2,NPA0159,0.8819811564291071
6093ee6b6df342543745fa53,3,NPA0545,0.846217800494862
6093ee6b6df342543745fa53,4,NPA0353,0.8262377876610066
6093ee6b6df342543745fa53,5,NPA0232,0.7892054144153355
6093ee6b6df342543745fa53,6,NPA0224,0.6769512052523378
6093ee6b6df342543745fa53,7,NPA0383,0.6587243840043668
6093ee6b6df342543745fa53,8,NPA0312,0.6165987903302188
6093ee6b6df342543745fa53,9,NPA0045,0.6155657102442071
6093ee6b6df342543745fa53,10,NPA0189,0.6063180062395515
6091ec856df3425437ca8b28,1,NPA0400,0.961296990860355
6091ec856df3425437ca8b28,2,NPA0173,0.8281994364424812
6091ec856df3425437ca8b28,3,NPA0334,0.7704217499211337
6091ec856df3425437ca8b28,4,NPA0172,0.7275763278368141
6091ec856df3425437ca8b28,5,NPA0398,0.7235621355418318
6091ec856df3425437ca8b28,6,NPA0432,0.7227458241018936
6091ec856df3425437ca8b28,7,NPA0189,0.6418241471093995
6091ec856df3425437ca8b28,8,NPA0383,0.6416012948290012
6091ec856df3425437ca8b28,9,NPA0297,0.6254461255128984
6091ec856df3425437ca8b28,10,NPA0318,0.6098598997541754
6093c0be6df3425437fd5a7c,1,NPA0546,0.9618054501365054
6093c0be6df3425437fd5a7c,2,NPA0159,0.8947748433361242
6093c0be6df3425437fd5a7c,3,NPA0193,0.7992602632066063
6093c0be6df3425437fd5a7c,4,NPA0172,0.7757474891216617
6093c0be6df3425437fd5a7c,5,NPA0555,0.7387166865234572
6093c0be6df3425437fd5a7c,6,NPA0462,0.733957938630337
6093c0be6df3425437fd5a7c,7,NPA0432,0.7088310266580109
6093c0be6df3425437fd5a7c,8,NPA0333,0.6819096988009514
6093c0be6df3425437fd5a7c,9,NPA0353,0.6806353133512074
6093c0be6df3425437fd5a7c,10,NPA0001,0.6783159741417952
609390036df342543739a2d3,1,NPA0546,0.988041730031469
609390036df342543739a2d3,2,NPA0159,0.9722672778796226
609390036df342543739a2d3,3,NPA0443,0.8149171669091458
609390036df342543739a2d3,4,NPA0558,0.6193945887328558
609390036df342543739a2d3,5,NPA0162,0.609677677580998
609390036df342543739a2d3,6,NPA0456,0.5844535100547019
609390036df342543739a2d3,7,NPA0205,0.5831652261152372
609390036df342543739a2d3,8,NPA0199,0.5667938778089382
609390036df342543739a2d3,9,NPA0375,0.5555919439356402
609390036df342543739a2d3,10,NPA0317,0.5525095420494203
6094193b6df3425437e03004,1,NPA0555,0.9680342684543628
6094193b6df3425437e03004,2,NPA0363,0.695775122455
6094193b6df3425437e03004,3,NPA0395,0.6754444802355293
6094193b6df3425437e03004,4,NPA0446,0.5448065689481933
6094193b6df3425437e03004,5,NPA0358,0.5224449525125183
6094193b6df3425437e03004,6,NPA0352,0.5079395727230005
6094193b6df3425437e03004,7,NPA0550,0.4782905458094874
6094193b6df3425437e03004,8,NPA0383,0.47091120096531375
6094193b6df3425437e03004,9,NPA0444,0.45331351393006764
6094193b6df3425437e03004,10,NPA0143,0.45248957535337375
609268056df3425437a00486,1,NPA0173,0.9794371539538238
609268056df3425437a00486,2,NPA0454,0.7683498460552749
609268056df3425437a00486,3,NPA0508,0.5299910935098493
609268056df3425437a00486,4,NPA0334,0.4866402780255179
609268056df3425437a00486,5,NPA0365,0.4790953320582384
609268056df3425437a00486,6,NPA0020,0.4629773502183161
609268056df3425437a00486,7,NPA0189,0.45985499654741385
609268056df3425437a00486,8,NPA0383,0.45774108307720446
609268056df3425437a00486,9,NPA0470,0.4531219353027479
609268056df3425437a00486,10,NPA0206,0.45220417026531423
6091dfab6df3425437305761,1,NPA0352,0.8893897130483246
6091dfab6df3425437305761,2,NPA0415,0.8836454145538888
6091dfab6df3425437305761,3,NPA0404,0.774199395513657
6091dfab6df3425437305761,4,NPA0376,0.7354599615579668
6091dfab6df3425437305761,5,NPA0342,0.6922792618927711
6091dfab6df3425437305761,6,NPA0032,0.6887053003529233
6091dfab6df3425437305761,7,NPA0083,0.6827870260757145
6091dfab6df3425437305761,8,NPA0350,0.6597853340279052
6091dfab6df3425437305761,9,NPA0172,0.6475757377158942
6091dfab6df3425437305761,10,NPA0056,0.6137504646823906
609378556df3425437cd495a,1,NPA0289,0.8579850446403174
609378556df3425437cd495a,2,NPA0261,0.8518916368196237
609378556df3425437cd495a,3,NPA0399,0.7637378730096369
609378556df3425437cd495a,4,NPA0434,0.7062116128834186
609378556df3425437cd495a,5,NPA0187,0.690146176892566
609378556df3425437cd495a,6,NPA0149,0.6893615359251604
609378556df3425437cd495a,7,NPA0007,0.6009365206413789
609378556df3425437cd495a,8,NPA0481,0.6009365206413789
609378556df3425437cd495a,9,NPA0142,0.5606345388907442
609378556df3425437cd495a,10,NPA0074,0.5598891662553277
6093bf996df3425437f3f01c,1,NPA0289,0.84791827601822
6093bf996df3425437f3f01c,2,NPA0261,0.8345284504445681
6093bf996df3425437f3f01c,3,NPA0399,0.7018903224141283
6093bf996df3425437f3f01c,4,NPA0434,0.6764892397819837
6093bf996df3425437f3f01c,5,NPA0149,0.6759364093461955
6093bf996df3425437f3f01c,6,NPA0187,0.6576743558280329
6093bf996df3425437f3f01c,7,NPA0007,0.5900209362842872
6093bf996df3425437f3f01c,8,NPA0481,0.5900209362842872
6093bf996df3425437f3f01c,9,NPA0074,0.5450217335144585
6093bf996df3425437f3f01c,10,NPA0142,0.5448881121652731
609359f06df3425437e5254d,1,NPA0424,0.8907142233800783
609359f06df3425437e5254d,2,NPA0244,0.8616662637530023
609359f06df3425437e5254d,3,NPA0080,0.8088032309371485
609359f06df3425437e5254d,4,NPA0377,0.8053449229959777
609359f06df3425437e5254d,5,NPA0380,0.7723298014269893
609359f06df3425437e5254d,6,NPA0005,0.7691144414274935
609359f06df3425437e5254d,7,NPA0312,0.7434893771303033
609359f06df3425437e5254d,8,NPA0115,0.7408966503761643
609359f06df3425437e5254d,9,NPA0191,0.6918750898398108
609359f06df3425437e5254d,10,NPA0373,0.6849375578863122
60932e596df34254374aebaa,1,NPA0556,0.9876265836336775
60932e596df34254374aebaa,2,NPA0553,0.975038622700811
60932e596df34254374aebaa,3,NPA0273,0.5257494793014601
60932e596df34254374aebaa,4,NPA0093,0.5257488957974112
60932e596df34254374aebaa,5,NPA0469,0.44906356311350776
60932e596df34254374aebaa,6,NPA0490,0.44906356311350776
60932e596df34254374aebaa,7,NPA0446,0.4413023724213465
60932e596df34254374aebaa,8,NPA0548,0.43393870219978614
60932e596df34254374aebaa,9,NPA0234,0.43368135473326636
60932e596df34254374aebaa,10,NPA0091,0.40944469357219554
6093a8586df3425437a07c4b,1,NPA0556,1.0
6093a8586df3425437a07c4b,2,NPA0553,0.9227422263032257
6093a8586df3425437a07c4b,3,NPA0234,0.5001180485873372
6093a8586df3425437a07c4b,4,NPA0093,0.4627960194968036
6093a8586df3425437a07c4b,5,NPA0273,0.46279567788507947
6093a8586df3425437a07c4b,6,NPA0375,0.4232467667323908
6093a8586df3425437a07c4b,7,NPA0479,0.39606413308006466
6093a8586df3425437a07c4b,8,NPA0446,0.39104218022349646
6093a8586df3425437a07c4b,9,NPA0506,0.3828823684125834
6093a8586df3425437a07c4b,10,NPA0115,0.37079730600824923
6093b12b6df342543735cdf7,1,NPA0084,0.9207568321508344
6093b12b6df342543735cdf7,2,NPA0545,0.6713729078882126
6093b12b6df342543735cdf7,3,NPA0537,0.6382904103533815
6093b12b6df342543735cdf7,4,NPA0254,0.6376167307948728
6093b12b6df342543735cdf7,5,NPA0093,0.6044135608153529
6093b12b6df342543735cdf7,6,NPA0273,0.6044135608153529
6093b12b6df342543735cdf7,7,NPA0558,0.5984257700903175
6093b12b6df342543735cdf7,8,NPA0189,0.5971746731315579
6093b12b6df342543735cdf7,9,NPA0383,0.5959928748568841
6093b12b6df342543735cdf7,10,NPA0041,0.5955316967285325
6091884e6df34254373e6a51,1,NPA0544,0.9250939569183552
6091884e6df34254373e6a51,2,NPA0552,0.5728678857172033
6091884e6df34254373e6a51,3,NPA0551,0.5532297671597489
6091884e6df34254373e6a51,4,NPA0348,0.533563764311428
6091884e6df34254373e6a51,5,NPA0010,0.4931878568787616
6091884e6df34254373e6a51,6,NPA0239,0.4712190536066913
6091884e6df34254373e6a51,7,NPA0038,0.4428552200400842
6091884e6df34254373e6a51,8,NPA0398,0.4370755284809335
6091884e6df34254373e6a51,9,NPA0502,0.43474185865543713
6091884e6df34254373e6a51,10,NPA0017,0.43259952438540605
6091c80b6df3425437e2fd5b,1,NPA0093,0.9482937991540503
6091c80b6df3425437e2fd5b,2,NPA0273,0.9482937991540503
6091c80b6df3425437e2fd5b,3,NPA0312,0.7145164251150797
6091c80b6df3425437e2fd5b,4,NPA0013,0.6373473263840136
6091c80b6df3425437e2fd5b,5,NPA0545,0.5921640351661126
6091c80b6df3425437e2fd5b,6,NPA0159,0.5432655491986086
6091c80b6df3425437e2fd5b,7,NPA0383,0.5350951108232034
6091c80b6df3425437e2fd5b,8,NPA0546,0.5239461355332783
6091c80b6df3425437e2fd5b,9,NPA0400,0.5223758050476245
6091c80b6df3425437e2fd5b,10,NPA0189,0.519425279976114
609386c76df3425437aef5f4,1,NPA0115,0.8806202116757238
609386c76df3425437aef5f4,2,NPA0266,0.7672017770739271
609386c76df3425437aef5f4,3,NPA0079,0.7520297762163382
609386c76df3425437aef5f4,4,NPA0128,0.7520297762163382
609386c76df3425437aef5f4,5,NPA0096,0.6765533313530417
609386c76df3425437aef5f4,6,NPA0233,0.6515702147628685
609386c76df3425437aef5f4,7,NPA0486,0.6453482037819238
609386c76df3425437aef5f4,8,NPA0308,0.6047954798583343
609386c76df3425437aef5f4,9,NPA0438,0.5880629740685549
609386c76df3425437aef5f4,10,NPA0093,0.584307986812405
609239c06df34254378cc895,1,NPA0544,0.938234540963579
609239c06df34254378cc895,2,NPA0551,0.633470989793932
609239c06df34254378cc895,3,NPA0462,0.6231360198542455
609239c06df34254378cc895,4,NPA0147,0.5746199173122473
609239c06df34254378cc895,5,NPA0150,0.4841625137811822
609239c06df34254378cc895,6,NPA0434,0.4682254546273975
609239c06df34254378cc895,7,NPA0149,0.4578825495799198
609239c06df34254378cc895,8,NPA0187,0.45023281241809243
609239c06df34254378cc895,9,NPA0223,0.44933567974205
609239c06df34254378cc895,10,NPA0181,0.44821372879632904
609228646df3425437120af2,1,NPA0562,0.9272267561325405
609228646df3425437120af2,2,NPA0074,0.830560880276573
609228646df3425437120af2,3,NPA0142,0.8280219103055476
609228646df3425437120af2,4,NPA0060,0.7073350968698469
609228646df3425437120af2,5,NPA0481,0.6457447939858703
609228646df3425437120af2,6,NPA0007,0.645744608686646
609228646df3425437120af2,7,NPA0356,0.615384678408248
609228646df3425437120af2,8,NPA0286,0.5709522872683951
609228646df3425437120af2,9,NPA0438,0.4791693252019902
609228646df3425437120af2,10,NPA0146,0.46021983525968635
60956a1e6df342543742890c,1,NPA0352,0.9109515591612435
60956a1e6df342543742890c,2,NPA0416,0.88874317880078
60956a1e6df342543742890c,3,NPA0185,0.7495775532695679
60956a1e6df342543742890c,4,NPA0054,0.60301449203777
60956a1e6df342543742890c,5,NPA0429,0.5777157127130963
60956a1e6df342543742890c,6,NPA0121,0.5528246089438388
60956a1e6df342543742890c,7,NPA0311,0.5322425772625736
60956a1e6df342543742890c,8,NPA0042,0.5231670479426678
60956a1e6df342543742890c,9,NPA0123,0.4994479256180549
60956a1e6df342543742890c,10,NPA0404,0.49808743384275933
6092194d6df3425437a5b36e,1,NPA0549,1.0
6092194d6df3425437a5b36e,2,NPA0482,0.5823671780466937
6092194d6df3425437a5b36e,3,NPA0492,0.5656689186492103
6092194d6df3425437a5b36e,4,NPA0136,0.5477932145443241
6092194d6df3425437a5b36e,5,NPA0067,0.5340651441442403
6092194d6df3425437a5b36e,6,NPA0171,0.5326162111032329
6092194d6df3425437a5b36e,7,NPA0112,0.5273611495366568
6092194d6df3425437a5b36e,8,NPA0486,0.5227476383465663
6092194d6df3425437a5b36e,9,NPA0075,0.5206667062667787
6092194d6df3425437a5b36e,10,NPA0425,0.5173659410567207
609203d36df3425437c84375,1,NPA0113,1.0
609203d36df3425437c84375,2,NPA0064,0.7761806439413058
609203d36df3425437c84375,3,NPA0131,0.7008308306377886
609203d36df3425437c84375,4,NPA0257,0.6577087372430641
609203d36df3425437c84375,5,NPA0087,0.6271850442178039
609203d36df3425437c84375,6,NPA0395,0.6193949371393609
609203d36df3425437c84375,7,NPA0420,0.615785120349657
609203d36df3425437c84375,8,NPA0484,0.6155027724758644
609203d36df3425437c84375,9,NPA0450,0.6018839911036559
609203d36df3425437c84375,10,NPA0424,0.599702114197343
609345de6df34254374d5b5b,1,NPA0156,0.936016837988761
609345de6df34254374d5b5b,2,NPA0107,0.8777538596359924
609345de6df34254374d5b5b,3,NPA0032,0.8713126746099759
609345de6df34254374d5b5b,4,NPA0294,0.6997944747176447
609345de6df34254374d5b5b,5,NPA0304,0.669951801801533
609345de6df34254374d5b5b,6,NPA0241,0.6690628298047907
609345de6df34254374d5b5b,7,NPA0352,0.6686930840212796
609345de6df34254374d5b5b,8,NPA0253,0.6451183738600139
609345de6df34254374d5b5b,9,NPA0056,0.6354654907291625
609345de6df34254374d5b5b,10,NPA0212,0.6167007804006455
6094000d6df3425437eb2f07,1,NPA0172,0.838720122988268
6094000d6df3425437eb2f07,2,NPA0437,0.7838529376825758
6094000d6df3425437eb2f07,3,NPA0107,0.7067536887951738
6094000d6df3425437eb2f07,4,NPA0446,0.7061458237771819
6094000d6df3425437eb2f07,5,NPA0183,0.672507895082284
6094000d6df3425437eb2f07,6,NPA0032,0.6491805751388741
6094000d6df3425437eb2f07,7,NPA0401,0.6479087769173877
6094000d6df3425437eb2f07,8,NPA0532,0.6342387283193305
6094000d6df3425437eb2f07,9,NPA0318,0.6230872835226428
6094000d6df3425437eb2f07,10,NPA0535,0.6143530445966807
60916cf36df3425437e8e9a9,1,NPA0313,1.0
60916cf36df3425437e8e9a9,2,NPA0382,0.8072173265170353
60916cf36df3425437e8e9a9,3,NPA0001,0.6988475870870969
60916cf36df3425437e8e9a9,4,NPA0172,0.6905878516496793
60916cf36df3425437e8e9a9,5,NPA0469,0.6434203738595573
60916cf36df3425437e8e9a9,6,NPA0490,0.6434203738595573
60916cf36df3425437e8e9a9,7,NPA0089,0.6404878694454075
60916cf36df3425437e8e9a9,8,NPA0420,0.638408748781017
60916cf36df3425437e8e9a9,9,NPA0202,0.6340360578873913
60916cf36df3425437e8e9a9,10,NPA0039,0.6253954437577529
6091483f6df3425437beb8b6,1,NPA0156,0.8737403217509578
6091483f6df3425437beb8b6,2,NPA0339,0.8415528189443654
6091483f6df3425437beb8b6,3,NPA0304,0.807178468341269
6091483f6df3425437beb8b6,4,NPA0241,0.7946963697615471
6091483f6df3425437beb8b6,5,NPA0446,0.7490072349473512
6091483f6df3425437beb8b6,6,NPA0001,0.7279372315820305
6091483f6df3425437beb8b6,7,NPA0091,0.7243552562737753
6091483f6df3425437beb8b6,8,NPA0484,0.7202277797683787
6091483f6df3425437beb8b6,9,NPA0355,0.7080634151066929
6091483f6df3425437beb8b6,10,NPA0131,0.6792290662963205
60917f256df3425437b9a81a,1,NPA0562,0.9330870153664846
60917f256df3425437b9a81a,2,NPA0286,0.5122048430278414
60917f256df3425437b9a81a,3,NPA0083,0.5030110714214981
60917f256df3425437b9a81a,4,NPA0480,0.484993052245698
60917f256df3425437b9a81a,5,NPA0396,0.47724925167464627
60917f256df3425437b9a81a,6,NPA0007,0.4768421251663365
60917f256df3425437b9a81a,7,NPA0481,0.4768421251663365
60917f256df3425437b9a81a,8,NPA0130,0.46216997918248726
60917f256df3425437b9a81a,9,NPA0506,0.45717502926961934
60917f256df3425437b9a81a,10,NPA0226,0.4506879372839665
609144b76df34254379b38c0,1,NPA0224,0.8905040045973993
609144b76df34254379b38c0,2,NPA0212,0.8040075477182038
609144b76df34254379b38c0,3,NPA0304,0.775908982449984
609144b76df34254379b38c0,4,NPA0241,0.7713543793757458
609144b76df34254379b38c0,5,NPA0401,0.7557464614132867
609144b76df34254379b38c0,6,NPA0345,0.717180559239721
609144b76df34254379b38c0,7,NPA0107,0.7062608036346623
609144b76df34254379b38c0,8,NPA0093,0.7008876379801916
609144b76df34254379b38c0,9,NPA0273,0.7008876379801916
609144b76df34254379b38c0,10,NPA0156,0.6982773282202267
60919cea6df34254372cdd60,1,NPA0208,0.9292957615655677
60919cea6df34254372cdd60,2,NPA0216,0.7621007093991291
60919cea6df34254372cdd60,3,NPA0316,0.7124681727944363
60919cea6df34254372cdd60,4,NPA0331,0.6907356363625694
60919cea6df34254372cdd60,5,NPA0394,0.6610919078486028
60919cea6df34254372cdd60,6,NPA0156,0.6071721566698238
60919cea6df34254372cdd60,7,NPA0484,0.6060051287008679
60919cea6df34254372cdd60,8,NPA0450,0.575575066949878
60919cea6df34254372cdd60,9,NPA0223,0.5738243200774731
60919cea6df34254372cdd60,10,NPA0113,0.5719982469220334
6091c6b66df3425437d30739,1,NPA0190,0.9565064799690293
6091c6b66df3425437d30739,2,NPA0013,0.7046714953051132
6091c6b66df3425437d30739,3,NPA0554,0.5588499250536716
6091c6b66df3425437d30739,4,NPA0316,0.5511266232536451
6091c6b66df3425437d30739,5,NPA0253,0.5481832620447236
6091c6b66df3425437d30739,6,NPA0556,0.5472151108957387
6091c6b66df3425437d30739,7,NPA0245,0.5459328957889323
6091c6b66df3425437d30739,8,NPA0331,0.5299411444817266
6091c6b66df3425437d30739,9,NPA0344,0.5009618641408897
6091c6b66df3425437d30739,10,NPA0116,0.49362952521846626
6091f5e16df34254373e94b1,1,NPA0118,0.9453687697362766
6091f5e16df34254373e94b1,2,NPA0537,0.8687788114013328
6091f5e16df34254373e94b1,3,NPA0254,0.8662353547110238
6091f5e16df34254373e94b1,4,NPA0457,0.8290041046576457
6091f5e16df34254373e94b1,5,NPA0041,0.823981466061799
6091f5e16df34254373e94b1,6,NPA0172,0.7882823500488128
6091f5e16df34254373e94b1,7,NPA0084,0.7755842879566277
6091f5e16df34254373e94b1,8,NPA0150,0.7353161100856008
6091f5e16df34254373e94b1,9,NPA0395,0.7084659469671549
6091f5e16df34254373e94b1,10,NPA0135,0.6830534603628399
6093e2a76df3425437ea3140,1,NPA0400,0.8825188147493188
6093e2a76df3425437ea3140,2,NPA0147,0.8284093862527566
6093e2a76df3425437ea3140,3,NPA0432,0.8172971444246442
6093e2a76df3425437ea3140,4,NPA0555,0.8165865071920265
6093e2a76df3425437ea3140,5,NPA0172,0.720207419653478
6093e2a76df3425437ea3140,6,NPA0173,0.6961208506961627
6093e2a76df3425437ea3140,7,NPA0363,0.6958857793895998
6093e2a76df3425437ea3140,8,NPA0398,0.6839099857467996
6093e2a76df3425437ea3140,9,NPA0345,0.6755660070477194
6093e2a76df3425437ea3140,10,NPA0274,0.6655806771401378
609360136df3425437c81478,1,NPA0190,0.8752470148907617
609360136df3425437c81478,2,NPA0383,0.85956707692716
609360136df3425437c81478,3,NPA0020,0.8562076411064876
609360136df3425437c81478,4,NPA0189,0.8444788189651401
609360136df3425437c81478,5,NPA0503,0.7969636799389314
609360136df3425437c81478,6,NPA0173,0.788145242142046
609360136df3425437c81478,7,NPA0334,0.7576280328762909
609360136df3425437c81478,8,NPA0508,0.7567713065452808
609360136df3425437c81478,9,NPA0350,0.7281191212341487
609360136df3425437c81478,10,NPA0342,0.7280585842689985
6091f19a6df342543710c3b3,1,NPA0220,0.963467562554774
6091f19a6df342543710c3b3,2,NPA0309,0.8384598912541865
6091f19a6df342543710c3b3,3,NPA0342,0.7030051777622504
6091f19a6df342543710c3b3,4,NPA0350,0.69155934219142
6091f19a6df342543710c3b3,5,NPA0383,0.6744066888408989
6091f19a6df342543710c3b3,6,NPA0189,0.6733752705265174
6091f19a6df342543710c3b3,7,NPA0129,0.63418207192622
6091f19a6df342543710c3b3,8,NPA0140,0.6303105012915592
6091f19a6df342543710c3b3,9,NPA0020,0.5967564231387636
6091f19a6df342543710c3b3,10,NPA0429,0.5929506794073722
6091d0676df342543756445c,1,NPA0309,0.8473224618175806
6091d0676df342543756445c,2,NPA0399,0.7674806324884684
6091d0676df342543756445c,3,NPA0253,0.7517425237549024
6091d0676df342543756445c,4,NPA0231,0.7365416471951025
6091d0676df342543756445c,5,NPA0205,0.7273024177621674
6091d0676df342543756445c,6,NPA0207,0.6740256210937496
6091d0676df342543756445c,7,NPA0019,0.6734267343449811
6091d0676df342543756445c,8,NPA0003,0.6710912379909804
6091d0676df342543756445c,9,NPA0289,0.6701970534353767
6091d0676df342543756445c,10,NPA0261,0.6636313305021869
60932c906df3425437e3c4b6,1,NPA0370,0.9968679925377848
60932c906df3425437e3c4b6,2,NPA0507,0.6590858800338362
60932c906df3425437e3c4b6,3,NPA0287,0.6478205906230806
60932c906df3425437e3c4b6,4,NPA0183,0.6386959833913277
60932c906df3425437e3c4b6,5,NPA0193,0.6363671443511374
60932c906df3425437e3c4b6,6,NPA0051,0.625539130889535
60932c906df3425437e3c4b6,7,NPA0271,0.6131400593056399
60932c906df3425437e3c4b6,8,NPA0542,0.6131400593056399
60932c906df3425437e3c4b6,9,NPA0406,0.6076834659544004
60932c906df3425437e3c4b6,10,NPA0281,0.585154271761053
6093f8ca6df3425437adc940,1,NPA0231,0.8883270874283954
6093f8ca6df3425437adc940,2,NPA0107,0.7205740344863496
6093f8ca6df3425437adc940,3,NPA0556,0.6796360966369583
6093f8ca6df3425437adc940,4,NPA0004,0.6655065324896358
6093f8ca6df3425437adc940,5,NPA0470,0.6308358277167445
6093f8ca6df3425437adc940,6,NPA0333,0.614040494016395
6093f8ca6df3425437adc940,7,NPA0397,0.6058943842838209
6093f8ca6df3425437adc940,8,NPA0006,0.6018064422523668
6093f8ca6df3425437adc940,9,NPA0323,0.5973094488720998
6093f8ca6df3425437adc940,10,NPA0528,0.5777637067540884
609147656df3425437b73130,1,NPA0173,0.9794371539538238
609147656df3425437b73130,2,NPA0454,0.7683498460552749
609147656df3425437b73130,3,NPA0508,0.5299910935098493
609147656df3425437b73130,4,NPA0334,0.4866402780255179
609147656df3425437b73130,5,NPA0365,0.4790953320582384
609147656df3425437b73130,6,NPA0020,0.4629773502183161
609147656df3425437b73130,7,NPA0189,0.45985499654741385
609147656df3425437b73130,8,NPA0383,0.45774108307720446
609147656df3425437b73130,9,NPA0470,0.4531219353027479
609147656df3425437b73130,10,NPA0206,0.45220417026531423
6095929d6df3425437d0581b,1,NPA0428,0.8942063349984777
6095929d6df3425437d0581b,2,NPA0202,0.7587250823077846
6095929d6df3425437d0581b,3,NPA0547,0.740022688061433
6095929d6df3425437d0581b,4,NPA0441,0.7350524128863478
6095929d6df3425437d0581b,5,NPA0387,0.696351563612766
6095929d6df3425437d0581b,6,NPA0164,0.6904664062369124
6095929d6df3425437d0581b,7,NPA0318,0.6866662203914182
6095929d6df3425437d0581b,8,NPA0153,0.6655716075534607
6095929d6df3425437d0581b,9,NPA0100,0.6228133067366854
6095929d6df3425437d0581b,10,NPA0275,0.6221939289999481
60938fed6df3425437388de7,1,NPA0555,0.9007987567086588
60938fed6df3425437388de7,2,NPA0363,0.8629608028203939
60938fed6df3425437388de7,3,NPA0470,0.7980014578421507
60938fed6df3425437388de7,4,NPA0135,0.7018692144165024
60938fed6df3425437388de7,5,NPA0460,0.6572196911437969
60938fed6df3425437388de7,6,NPA0366,0.6456888427831914
60938fed6df3425437388de7,7,NPA0270,0.6422980395964686
60938fed6df3425437388de7,8,NPA0107,0.5503661619010074
60938fed6df3425437388de7,9,NPA0546,0.5235888018734016
60938fed6df3425437388de7,10,NPA0159,0.5203518681665447
6093c91b6df342543740e97b,1,NPA0258,0.8181628513330542
6093c91b6df342543740e97b,2,NPA0532,0.8174142094543964
6093c91b6df342543740e97b,3,NPA0164,0.8082955168536785
6093c91b6df342543740e97b,4,NPA0236,0.7986873746631455
6093c91b6df342543740e97b,5,NPA0552,0.7770375949302364
6093c91b6df342543740e97b,6,NPA0446,0.709625696461726
6093c91b6df342543740e97b,7,NPA0092,0.7045667376348292
6093c91b6df342543740e97b,8,NPA0361,0.7045667376348292
6093c91b6df342543740e97b,9,NPA0437,0.6814105010085538
6093c91b6df342543740e97b,10,NPA0162,0.6772862699795527
6091d1946df3425437698384,1,NPA0114,0.9495374100029645
6091d1946df3425437698384,2,NPA0405,0.8442301889293298
6091d1946df3425437698384,3,NPA0106,0.8385142864689641
6091d1946df3425437698384,4,NPA0306,0.8328450548316864
6091d1946df3425437698384,5,NPA0147,0.7592461684923916
6091d1946df3425437698384,6,NPA0064,0.6884922322176512
6091d1946df3425437698384,7,NPA0245,0.6783782942009838
6091d1946df3425437698384,8,NPA0105,0.6708269323042126
6091d1946df3425437698384,9,NPA0392,0.6163133601737721
6091d1946df3425437698384,10,NPA0324,0.5871778342077636
609204a06df3425437d2713b,1,NPA0429,1.0
609204a06df3425437d2713b,2,NPA0404,0.7116567401615328
609204a06df3425437d2713b,3,NPA0352,0.6246450080136379
609204a06df3425437d2713b,4,NPA0309,0.5547429160540757
609204a06df3425437d2713b,5,NPA0400,0.5289639451552456
609204a06df3425437d2713b,6,NPA0398,0.5063691112003166
609204a06df3425437d2713b,7,NPA0153,0.4834599457270156
609204a06df3425437d2713b,8,NPA0143,0.456071382347385
609204a06df3425437d2713b,9,NPA0183,0.4521803846056951
609204a06df3425437d2713b,10,NPA0416,0.4330146020473454
6093c0be6df3425437fd5a58,1,NPA0164,0.8640043085908949
6093c0be6df3425437fd5a58,2,NPA0202,0.8358059664720713
6093c0be6df3425437fd5a58,3,NPA0223,0.7127862872572763
6093c0be6df3425437fd5a58,4,NPA0068,0.6868485519840712
6093c0be6df3425437fd5a58,5,NPA0193,0.6610236780592385
6093c0be6df3425437fd5a58,6,NPA0478,0.6065772679661721
6093c0be6df3425437fd5a58,7,NPA0462,0.5605512268930615
6093c0be6df3425437fd5a58,8,NPA0135,0.5371549911316725
6093c0be6df3425437fd5a58,9,NPA0079,0.5355794895285659
6093c0be6df3425437fd5a58,10,NPA0128,0.5355794895285659
609239c06df34254378cc897,1,NPA0544,0.805965392647585
609239c06df34254378cc897,2,NPA0003,0.7441373981321278
609239c06df34254378cc897,3,NPA0551,0.6673493642695562
609239c06df34254378cc897,4,NPA0147,0.6141033775133745
609239c06df34254378cc897,5,NPA0515,0.5201806502530478
609239c06df34254378cc897,6,NPA0177,0.49463990954790427
609239c06df34254378cc897,7,NPA0367,0.4930431304027958
609239c06df34254378cc897,8,NPA0084,0.49243413536695935
609239c06df34254378cc897,9,NPA0385,0.4746281014471878
609239c06df34254378cc897,10,NPA0006,0.46678772410783087
60933e5f6df3425437ce2dff,1,NPA0396,0.9207921920323792
60933e5f6df3425437ce2dff,2,NPA0383,0.855648029341209
60933e5f6df3425437ce2dff,3,NPA0518,0.7711175535679194
60933e5f6df3425437ce2dff,4,NPA0189,0.7277048509782543
60933e5f6df3425437ce2dff,5,NPA0359,0.7040798427437265
60933e5f6df3425437ce2dff,6,NPA0173,0.6915438750468627
60933e5f6df3425437ce2dff,7,NPA0350,0.689412613324465
60933e5f6df3425437ce2dff,8,NPA0205,0.6811673622579507
60933e5f6df3425437ce2dff,9,NPA0342,0.6794963299438022
60933e5f6df3425437ce2dff,10,NPA0508,0.644845972337603
60921e2c6df3425437c69942,1,NPA0283,0.9500239041197514
60921e2c6df3425437c69942,2,NPA0320,0.9048244551613291
60921e2c6df3425437c69942,3,NPA0515,0.3990269195912074
60921e2c6df3425437c69942,4,NPA0471,0.39882095208717866
60921e2c6df3425437c69942,5,NPA0233,0.38185266674723006
60921e2c6df3425437c69942,6,NPA0205,0.34622296792559937
60921e2c6df3425437c69942,7,NPA0311,0.30648220275665056
60921e2c6df3425437c69942,8,NPA0439,0.3046323997627142
60921e2c6df3425437c69942,9,NPA0189,0.30351170887478923
60921e2c6df3425437c69942,10,NPA0383,0.29542945379810154
60917ee36df3425437b4b8fd,1,NPA0335,0.9640615200144638
60917ee36df3425437b4b8fd,2,NPA0429,0.9354427796548928
60917ee36df3425437b4b8fd,3,NPA0054,0.5296399586176689
60917ee36df3425437b4b8fd,4,NPA0513,0.5184982287495901
60917ee36df3425437b4b8fd,5,NPA0252,0.47688739112764456
60917ee36df3425437b4b8fd,6,NPA0366,0.4709580719815504
60917ee36df3425437b4b8fd,7,NPA0460,0.4703551853772228
60917ee36df3425437b4b8fd,8,NPA0197,0.46966363079859574
60917ee36df3425437b4b8fd,9,NPA0336,0.46910630642080997
60917ee36df3425437b4b8fd,10,NPA0318,0.46088737616849285
6093883e6df3425437c6ee81,1,NPA0117,0.8563790652761171
6093883e6df3425437c6ee81,2,NPA0553,0.8055822360198657
6093883e6df3425437c6ee81,3,NPA0268,0.7682817377899605
6093883e6df3425437c6ee81,4,NPA0062,0.7202958607498017
6093883e6df3425437c6ee81,5,NPA0202,0.7002328093807362
6093883e6df3425437c6ee81,6,NPA0335,0.6963365647893638
6093883e6df3425437c6ee81,7,NPA0548,0.652170201080752
6093883e6df3425437c6ee81,8,NPA0271,0.6316681002502859
6093883e6df3425437c6ee81,9,NPA0542,0.6316681002502859
6093883e6df3425437c6ee81,10,NPA0483,0.6298137425717528
6092401a6df3425437bd8798,1,NPA0083,0.8566832892754467
6092401a6df3425437bd8798,2,NPA0013,0.8288740907566483
6092401a6df3425437bd8798,3,NPA0553,0.7946878876279013
6092401a6df3425437bd8798,4,NPA0398,0.7283262295276117
6092401a6df3425437bd8798,5,NPA0360,0.6821947104975762
6092401a6df3425437bd8798,6,NPA0245,0.6766814859746364
6092401a6df3425437bd8798,7,NPA0429,0.6603061132905511
6092401a6df3425437bd8798,8,NPA0400,0.6578932523433909
6092401a6df3425437bd8798,9,NPA0215,0.6363547280980216
6092401a6df3425437bd8798,10,NPA0466,0.636059397255875
609413cf6df34254377de112,1,NPA0173,0.8810357593455638
609413cf6df34254377de112,2,NPA0100,0.8074874946185182
609413cf6df34254377de112,3,NPA0552,0.7979808114596801
609413cf6df34254377de112,4,NPA0417,0.7747907933426724
609413cf6df34254377de112,5,NPA0318,0.7730721676424789
609413cf6df34254377de112,6,NPA0400,0.7675047469439933
609413cf6df34254377de112,7,NPA0190,0.7624266084674096
609413cf6df34254377de112,8,NPA0221,0.7571146969852653
609413cf6df34254377de112,9,NPA0275,0.7496994418739826
609413cf6df34254377de112,10,NPA0183,0.7384689967769384
609394bf6df3425437769fd8,1,NPA0248,0.8691378573878027
609394bf6df3425437769fd8,2,NPA0344,0.7719738999956137
609394bf6df3425437769fd8,3,NPA0019,0.568805018355497
609394bf6df3425437769fd8,4,NPA0552,0.5581982919795232
609394bf6df3425437769fd8,5,NPA0489,0.5102441965423787
609394bf6df3425437769fd8,6,NPA0389,0.4444083694266798
609394bf6df3425437769fd8,7,NPA0502,0.4243465083332075
609394bf6df3425437769fd8,8,NPA0403,0.4235358161189453
609394bf6df3425437769fd8,9,NPA0466,0.42138578480150846
609394bf6df3425437769fd8,10,NPA0195,0.42104282844141894
6091ce396df3425437384d7c,1,NPA0283,0.9971671131112223
6091ce396df3425437384d7c,2,NPA0320,0.9857018091116885
6091ce396df3425437384d7c,3,NPA0471,0.5509342283627011
6091ce396df3425437384d7c,4,NPA0515,0.4924511319813602
6091ce396df3425437384d7c,5,NPA0093,0.3710898086674306
6091ce396df3425437384d7c,6,NPA0273,0.3710898086674306
6091ce396df3425437384d7c,7,NPA0547,0.3632127757106768
6091ce396df3425437384d7c,8,NPA0446,0.3611397433102002
6091ce396df3425437384d7c,9,NPA0272,0.34556229906646274
6091ce396df3425437384d7c,10,NPA0469,0.3384379496417164
60938d826df342543712a2e6,1,NPA0309,0.9828247388379744
60938d826df342543712a2e6,2,NPA0183,0.9152782076275863
60938d826df342543712a2e6,3,NPA0398,0.9046208212801967
60938d826df342543712a2e6,4,NPA0485,0.7968195121618308
60938d826df342543712a2e6,5,NPA0214,0.7593732565571263
60938d826df342543712a2e6,6,NPA0172,0.7267565565584035
60938d826df342543712a2e6,7,NPA0400,0.7107762112450786
60938d826df342543712a2e6,8,NPA0297,0.6957213407175777
60938d826df342543712a2e6,9,NPA0404,0.6580618795827489
60938d826df342543712a2e6,10,NPA0432,0.6280226783730084
609381546df34254375734da,1,NPA0544,0.9581407454131241
609381546df34254375734da,2,NPA0275,0.6803635557708374
609381546df34254375734da,3,NPA0147,0.6336092822836279
609381546df34254375734da,4,NPA0100,0.591790859411714
609381546df34254375734da,5,NPA0318,0.5896517584314105
609381546df34254375734da,6,NPA0551,0.5061745704111046
609381546df34254375734da,7,NPA0503,0.4652945166642644
609381546df34254375734da,8,NPA0011,0.46484169097486017
609381546df34254375734da,9,NPA0448,0.46218415957170544
609381546df34254375734da,10,NPA0164,0.454309745660197
609235ba6df342543772c126,1,NPA0545,0.7805415889486715
609235ba6df342543772c126,2,NPA0387,0.7571293056795304
609235ba6df342543772c126,3,NPA0322,0.7407547555584425
609235ba6df342543772c126,4,NPA0259,0.7104127224420843
609235ba6df342543772c126,5,NPA0443,0.6609873801850772
609235ba6df342543772c126,6,NPA0144,0.6190163580742669
609235ba6df342543772c126,7,NPA0546,0.6052397167094354
609235ba6df342543772c126,8,NPA0312,0.6037049091214275
609235ba6df342543772c126,9,NPA0116,0.6020802984579886
609235ba6df342543772c126,10,NPA0159,0.577114651339006
6093019a6df3425437562d36,1,NPA0094,0.9444222605284138
6093019a6df3425437562d36,2,NPA0120,0.7799027163890029
6093019a6df3425437562d36,3,NPA0130,0.7054569384298544
6093019a6df3425437562d36,4,NPA0417,0.6663959938882448
6093019a6df3425437562d36,5,NPA0206,0.5926809776389351
6093019a6df3425437562d36,6,NPA0152,0.5858731855365736
6093019a6df3425437562d36,7,NPA0504,0.5838479978249421
6093019a6df3425437562d36,8,NPA0003,0.5694585110616925
6093019a6df3425437562d36,9,NPA0108,0.5690637818270784
6093019a6df3425437562d36,10,NPA0517,0.550929756377575
609124fd6df34254377f9f68,1,NPA0562,0.9499399629829811
609124fd6df34254377f9f68,2,NPA0286,0.5489219391490925
609124fd6df34254377f9f68,3,NPA0226,0.5337951115771302
609124fd6df34254377f9f68,4,NPA0438,0.525898059435505
609124fd6df34254377f9f68,5,NPA0146,0.45843198670782603
609124fd6df34254377f9f68,6,NPA0173,0.4351266617648903
609124fd6df34254377f9f68,7,NPA0432,0.3935308715700876
609124fd6df34254377f9f68,8,NPA0345,0.3812896041182337
609124fd6df34254377f9f68,9,NPA0334,0.3799846376883563
609124fd6df34254377f9f68,10,NPA0504,0.3514426256825671
60917f0a6df3425437b7aacf,1,NPA0173,1.0
60917f0a6df3425437b7aacf,2,NPA0454,0.7866092223768816
60917f0a6df3425437b7aacf,3,NPA0508,0.5333938229329823
60917f0a6df3425437b7aacf,4,NPA0189,0.5032997239683892
60917f0a6df3425437b7aacf,5,NPA0383,0.49905465850431896
60917f0a6df3425437b7aacf,6,NPA0334,0.4833061386572127
60917f0a6df3425437b7aacf,7,NPA0400,0.467137912528857
60917f0a6df3425437b7aacf,8,NPA0020,0.4587069727381118
60917f0a6df3425437b7aacf,9,NPA0432,0.45384814818725544
60917f0a6df3425437b7aacf,10,NPA0007,0.44733273676410434
6091f9a16df34254375fcc46,1,NPA0559,0.9099292915945805
6091f9a16df34254375fcc46,2,NPA0512,0.5907013357945667
6091f9a16df34254375fcc46,3,NPA0513,0.535928934604132
6091f9a16df34254375fcc46,4,NPA0054,0.463743599569426
6091f9a16df34254375fcc46,5,NPA0197,0.45829138006699355
6091f9a16df34254375fcc46,6,NPA0252,0.4391493732588217
6091f9a16df34254375fcc46,7,NPA0336,0.43076836800732765
6091f9a16df34254375fcc46,8,NPA0231,0.4278957179536419
6091f9a16df34254375fcc46,9,NPA0209,0.4203527949327296
6091f9a16df34254375fcc46,10,NPA0366,0.4108143048714963
6091cab66df342543706f0c3,1,NPA0546,0.9075367905668752
6091cab66df342543706f0c3,2,NPA0144,0.8749863410904163
6091cab66df342543706f0c3,3,NPA0159,0.8559537015572799
6091cab66df342543706f0c3,4,NPA0312,0.6726686201404619
6091cab66df342543706f0c3,5,NPA0548,0.6217955808813493
6091cab66df342543706f0c3,6,NPA0310,0.4702721340926574
6091cab66df342543706f0c3,7,NPA0353,0.46811929189173185
6091cab66df342543706f0c3,8,NPA0179,0.4650558981550513
6091cab66df342543706f0c3,9,NPA0024,0.4612155811074994
6091cab66df342543706f0c3,10,NPA0221,0.4021580767093954
609305e26df342543752a37a,1,NPA0156,0.9115674832502478
609305e26df342543752a37a,2,NPA0107,0.8949582763753807
609305e26df342543752a37a,3,NPA0304,0.8328825615543645
609305e26df342543752a37a,4,NPA0241,0.7072053936134913
609305e26df342543752a37a,5,NPA0531,0.690362858358367
609305e26df342543752a37a,6,NPA0056,0.6589582567196134
609305e26df342543752a37a,7,NPA0253,0.6457756576096505
609305e26df342543752a37a,8,NPA0248,0.636496937459357
609305e26df342543752a37a,9,NPA0345,0.6273955075785338
609305e26df342543752a37a,10,NPA0344,0.6268974899056594
60915fc86df34254378ac162,1,NPA0398,0.9402673614258247
60915fc86df34254378ac162,2,NPA0554,0.8616736605598907
60915fc86df34254378ac162,3,NPA0020,0.770017449515574
60915fc86df34254378ac162,4,NPA0173,0.7325410239894812
60915fc86df34254378ac162,5,NPA0559,0.6889908191673463
60915fc86df34254378ac162,6,NPA0046,0.6886556436253669
60915fc86df34254378ac162,7,NPA0400,0.6826854796051582
60915fc86df34254378ac162,8,NPA0454,0.6332028503546523
60915fc86df34254378ac162,9,NPA0011,0.6137465739314126
60915fc86df34254378ac162,10,NPA0383,0.5967765567631125
609149ca6df3425437caad47,1,NPA0484,0.9427311408017192
609149ca6df3425437caad47,2,NPA0439,0.853104281020282
609149ca6df3425437caad47,3,NPA0292,0.8430845330948262
609149ca6df3425437caad47,4,NPA0477,0.7396261522700374
609149ca6df3425437caad47,5,NPA0436,0.7326235058449946
609149ca6df3425437caad47,6,NPA0529,0.6963367578315154
609149ca6df3425437caad47,7,NPA0119,0.6740139540839722
609149ca6df3425437caad47,8,NPA0191,0.6706417023053902
609149ca6df3425437caad47,9,NPA0146,0.6551754210319054
609149ca6df3425437caad47,10,NPA0178,0.6521336526106358
